Source,Statistic,df1,df2,Test.Comparison,Value,Reported.Comparison,Reported.P.Value,Computed,Raw,Error,DecisionError,OneTail,OneTailedInTxt,APAfactor
100-2065-3-PB,Z,NA,NA,=,0.268,>,0.788,0.788699319,"Z = 0.268, p > 0.788",FALSE,FALSE,FALSE,TRUE,0.3
100-2065-3-PB,Z,NA,NA,=,0.323,>,0.746,0.746695242,"Z = 0.323, p > 0.746",FALSE,FALSE,FALSE,TRUE,0.3
100-2065-3-PB,Chi2,5,NA,=,23.6,<,0.001,0.000259104," 2(5) = 23.6, p < .001",FALSE,FALSE,FALSE,TRUE,0.3
10-280-1-PB,F,1,58,=,22.48,<,0.001,1.42E-05,"F(1,58) = 22.48,
p <.001",FALSE,FALSE,FALSE,FALSE,1
10-280-1-PB,F,1,58,=,153.19,<,0.001,6.45E-18,"F(1,58) = 153.19, p < .001",FALSE,FALSE,FALSE,FALSE,1
10-280-1-PB,F,1,58,=,20.32,<,0.001,3.23E-05,"F(1,58) = 20.32,
p <.001",FALSE,FALSE,FALSE,FALSE,1
10-280-1-PB,F,1,58,=,6.94,<,0.05,0.010790658,"F(1,58) = 6.94, p <.05",FALSE,FALSE,FALSE,FALSE,1
10-280-1-PB,F,1,58,=,12.86,<,0.01,0.00068954,"F(1,58) = 12.86, p <.01",FALSE,FALSE,FALSE,FALSE,1
10-280-1-PB,Z,NA,NA,=,-2.64,<,0.01,0.008290603,"Z = -2.64, p <.01",FALSE,FALSE,FALSE,FALSE,1
10-280-1-PB,Z,NA,NA,=,-0.81,=,0.42,0.417940176,"Z = -.81, p = .42",FALSE,FALSE,FALSE,FALSE,1
110-1444-1-PB,F,1,18,=,0.821,>,0.1,0.376857725,"F(1, 18) = .821,
p > .1",FALSE,FALSE,FALSE,FALSE,0.82
110-1444-1-PB,F,1,18,=,205.737,<,0.001,2.72E-11,"F(1, 18) = 205.737,
p < .001",FALSE,FALSE,FALSE,FALSE,0.82
110-1444-1-PB,F,2,36,=,18.048,<,0.001,3.72E-06,"F(2, 36) = 18.048, p < .001",FALSE,FALSE,FALSE,FALSE,0.82
110-1444-1-PB,F,2,36,=,212.862,<,0.001,1.13E-20,"F(2, 36) = 212.862, p < .001",FALSE,FALSE,FALSE,FALSE,0.82
110-1444-1-PB,t,NA,19,=,-2.485,<,0.05,0.022438163,"t(19) = -2.485,
p < .05",FALSE,FALSE,FALSE,FALSE,0.82
110-1444-1-PB,F,1,18,=,1.213,>,0.1,0.285248894,"F(1, 18) = 1.213, p > .1",FALSE,FALSE,FALSE,FALSE,0.82
110-1444-1-PB,F,1,18,=,3.035,>,0.05,0.098547158,"F(1, 18) = 3.035, p > .05",FALSE,FALSE,FALSE,FALSE,0.82
110-1444-1-PB,F,2,36,=,43.516,<,0.001,2.47E-10,"F(2, 36) = 43.516, p < .001",FALSE,FALSE,FALSE,FALSE,0.82
110-1444-1-PB,F,2,36,=,26.139,<,0.001,9.73E-08,"F(2, 36) = 26.139, p < .001",FALSE,FALSE,FALSE,FALSE,0.82
110-1444-1-PB,t,NA,38,=,-0.405,>,0.1,0.687748514,"t(38) = -.405, p > .1",FALSE,FALSE,FALSE,FALSE,0.82
110-1444-1-PB,t,NA,38,=,-1.496,>,0.1,0.14291353,"t(38) = -1.496, p > .1",FALSE,FALSE,FALSE,FALSE,0.82
110-1444-1-PB,t,NA,19,=,-5.677,<,0.001,1.79E-05,"t(19) = -5.677, p < .001",FALSE,FALSE,FALSE,FALSE,0.82
110-1444-1-PB,F,1,18,=,0.669,>,0.1,0.424096087,"F(1, 18) = .669,
p > .1",FALSE,FALSE,FALSE,FALSE,0.82
110-1444-1-PB,F,1,18,=,10.46,<,0.01,0.004602897,"F(1, 18) = 10.46, p < .01",FALSE,FALSE,FALSE,FALSE,0.82
110-1444-1-PB,F,2,36,=,8.23,<,0.01,0.001139032,"F(2, 36) = 8.23, p < .01",FALSE,FALSE,FALSE,FALSE,0.82
110-1444-1-PB,F,2,36,=,0.123,>,0.1,0.884633667,"F(2, 36) = .123, p > .1",FALSE,FALSE,FALSE,FALSE,0.82
110-1444-1-PB,Z,NA,NA,=,-1.138,>,0.1,0.255120482,"Z = -1.138, p > .1",FALSE,FALSE,FALSE,FALSE,0.82
110-1444-1-PB,Z,NA,NA,=,-1.362,>,0.1,0.173197885,"Z = -1.362, p > .1",FALSE,FALSE,FALSE,FALSE,0.82
110-1444-1-PB,Z,NA,NA,=,-0.734,>,0.1,0.462948738,"Z = -.734, p > .1",FALSE,FALSE,FALSE,FALSE,0.82
110-1444-1-PB,Z,NA,NA,=,-0.8,>,0.1,0.423710797,"
Z = -.800, p > .1",FALSE,FALSE,FALSE,FALSE,0.82
110-1444-1-PB,Z,NA,NA,=,-1.782,>,0.05,0.074749232,"Z = -1.782, p > .05",FALSE,FALSE,FALSE,FALSE,0.82
110-1444-1-PB,F,1,18,=,0.627,>,0.1,0.438769012,"F(1, 18) = .627, p > .1",FALSE,FALSE,FALSE,FALSE,0.82
110-1444-1-PB,F,2,36,=,9.166,<,0.01,0.000605958,"F(2, 36) = 9.166, p < .01",FALSE,FALSE,FALSE,FALSE,0.82
110-1444-1-PB,F,1,18,=,7.386,<,0.05,0.014110097,"F(1, 18) = 7.386, p < .05",FALSE,FALSE,FALSE,FALSE,0.82
110-1444-1-PB,F,1,18,=,1.689,>,0.1,0.2101315,"F(1, 18) = 1.689, p > .1",FALSE,FALSE,FALSE,FALSE,0.82
110-1444-1-PB,Z,NA,NA,=,-1.835,=,0.033,0.066505689,"Z = -1.835, p = .033",TRUE,TRUE,TRUE,FALSE,0.82
110-1444-1-PB,F,1,38,=,0.18,>,0.1,0.6737656,"F(1, 38) = .180, p > .1",FALSE,FALSE,FALSE,FALSE,0.82
110-1444-1-PB,F,1,18,=,0.097,>,0.1,0.759038233,"F(1, 18) = .097, p > .1",FALSE,FALSE,FALSE,FALSE,0.82
110-1444-1-PB,Z,NA,NA,=,-1.285,>,0.1,0.198792284,"Z = -1.285, p > .1",FALSE,FALSE,FALSE,FALSE,0.82
110-1444-1-PB,Z,NA,NA,=,-2.427,=,0.007,0.015224256,"Z = -2.427,
p = .007",TRUE,FALSE,TRUE,FALSE,0.82
110-1444-1-PB,Z,NA,NA,=,-0.224,>,0.1,0.822757303,"Z = -.224, p > .1",FALSE,FALSE,FALSE,FALSE,0.82
110-1444-1-PB,Z,NA,NA,=,-1.624,>,0.1,0.104375809,"Z = -1.624, p > .1",FALSE,FALSE,FALSE,FALSE,0.82
112-2399-3-PB,Chi2,3,NA,=,25.6,<,0.001,1.16E-05," (2(3) = 25.6,
p < 0.001",FALSE,FALSE,FALSE,FALSE,0.27
112-2399-3-PB,Chi2,3,NA,=,32.58,<,0.001,3.95E-07," (2(3) = 32.58, p < 0.001",FALSE,FALSE,FALSE,FALSE,0.27
112-2399-3-PB,Chi2,3,NA,=,16.12,<,0.005,0.001071519," (2(3) = 16.12,
p < 0.005",FALSE,FALSE,FALSE,FALSE,0.27
112-2399-3-PB,Chi2,3,NA,=,20.16,<,0.001,0.000157263," (2(3) = 20.16, p < 0.001",FALSE,FALSE,FALSE,FALSE,0.27
112-2399-3-PB,t,NA,462.03,=,1.34,=,0.18,0.180903972,"t(462.03) = 1.34, p = 0.18",FALSE,FALSE,FALSE,FALSE,0.27
112-2399-3-PB,Chi2,3,NA,=,40.62,<,0.001,7.87E-09,"
2(3) = 40.62, p < 0.001",FALSE,FALSE,FALSE,FALSE,0.27
112-2399-3-PB,Chi2,3,NA,=,42.04,<,0.001,3.93E-09," 2(3) = 42.04, p < 0.001",FALSE,FALSE,FALSE,FALSE,0.27
112-2399-3-PB,Chi2,3,NA,=,12.2,<,0.01,0.006728523," 2(3) = 12.2, p < 0.01",FALSE,FALSE,FALSE,FALSE,0.27
112-2399-3-PB,Chi2,3,NA,=,7.99,<,0.05,0.046218828," 2(3) =
7.99, p < 0.05",FALSE,FALSE,FALSE,FALSE,0.27
112-2399-3-PB,t,NA,472.82,=,0.34,>,0.5,0.734007516,"t(472.82) = 0.34, p > 0.5",FALSE,FALSE,FALSE,FALSE,0.27
112-2399-3-PB,Chi2,3,NA,=,9.88,=,0.01962,0.01961421,"
(2(3) = 9.88, p = 0.01962",FALSE,FALSE,FALSE,FALSE,0.27
112-2399-3-PB,Chi2,3,NA,=,2.84,=,0.42,0.416957464," (2(3) = 2.84, p = 0.42",FALSE,FALSE,FALSE,FALSE,0.27
118-2250-1-PB,t,NA,2205,=,1,=,0.3,0.317420233,"t(2205) = 1, p = .3",FALSE,FALSE,FALSE,FALSE,0.6
118-2250-1-PB,t,NA,2214,=,3.2,<,0.001,0.00139372,"t(2214) = 3.2,
p < .001",TRUE,FALSE,FALSE,FALSE,0.6
118-2250-1-PB,Z,NA,NA,=,-0.6,=,0.5,0.548506236,"Z = -.6, p = 0.5",FALSE,FALSE,FALSE,FALSE,0.6
118-2250-1-PB,Z,NA,NA,=,-2.2,<,0.05,0.027806895,"Z = -2.2, p < .05",FALSE,FALSE,FALSE,FALSE,0.6
118-2250-1-PB,Z,NA,NA,=,2.2,<,0.05,0.027806895,"Z = 2.2,
p < .05",FALSE,FALSE,FALSE,FALSE,0.6
118-2250-1-PB,Z,NA,NA,=,3.3,<,0.001,0.000966848,"Z = 3.3, p < .001",FALSE,FALSE,FALSE,FALSE,0.6
119-2383-1-PB,t,NA,199.1,=,-4.81,<,1.00E-04,2.97E-06,"t(199.1) = -4.81, p < .0001",FALSE,FALSE,FALSE,TRUE,1
122-2941-1-PB,F,3,537,=,34.43,<,0.001,2.30E-20,"F(3,537) = 34.43, p < 0.001",FALSE,FALSE,FALSE,FALSE,0.6
122-2941-1-PB,F,1,538,=,25.06,<,0.001,7.54E-07,"F(1,538) = 25.06, p < 0.001",FALSE,FALSE,FALSE,FALSE,0.6
122-2941-1-PB,F,2,412,=,42.96,<,0.001,1.13E-17,"F(2,412) = 42.96, p < 0.001",FALSE,FALSE,FALSE,FALSE,0.6
122-2941-1-PB,F,1,398,=,37.84,<,0.001,1.87E-09,"F(1,398) = 37.84, p < 0.001",FALSE,FALSE,FALSE,FALSE,0.6
122-2941-1-PB,F,1,414,=,8.72,=,0.003,0.003326675,"F(1,414) = 8.72, p = 0.003",FALSE,FALSE,FALSE,FALSE,0.6
122-2941-1-PB,F,1,245,=,7.69,=,0.005,0.005979784,"F(1,245) = 7.69, p = 0.005",TRUE,FALSE,TRUE,FALSE,0.6
122-2941-1-PB,F,1,245,=,40.49,<,0.001,9.64E-10,"F(1,245) = 40.49, p < 0.001",FALSE,FALSE,FALSE,FALSE,0.6
122-2941-1-PB,F,2,277,=,7.31,<,0.001,0.000805844,"F(2,277) =
7.31, p < 0.001",FALSE,FALSE,FALSE,FALSE,0.6
122-2941-1-PB,F,2,164,=,7.08,=,0.001,0.001123981,"F(2,164) = 7.08, p = 0.001",FALSE,FALSE,FALSE,FALSE,0.6
133-2900-2-PB,F,2,1452,=,121.12,<,0.001,2.25E-49,"F(2, 1452) = 121.12, p < 0.001",FALSE,FALSE,FALSE,FALSE,0.74
133-2900-2-PB,F,1,1452,=,101.19,<,0.001,4.66E-23,"F(1, 1452) = 101.19, p < 0.001",FALSE,FALSE,FALSE,FALSE,0.74
133-2900-2-PB,F,2,1452,=,6.56,=,0.0012,0.001458218,"F(2, 1452) = 6.56, p = 0.0012",TRUE,FALSE,TRUE,FALSE,0.74
133-2900-2-PB,t,NA,234,=,13.7,<,0.001,9.21E-32,"t(234) = 13.7, p < 0.001",FALSE,FALSE,FALSE,FALSE,0.74
133-2900-2-PB,t,NA,234,=,19.8,<,0.001,6.50E-52,"t(234) = 19.8, p < 0.001",FALSE,FALSE,FALSE,FALSE,0.74
133-2900-2-PB,t,NA,234,=,10.84,<,0.001,1.89E-22,"t(234) = 10.84,
p < 0.001",FALSE,FALSE,FALSE,FALSE,0.74
133-2900-2-PB,t,NA,250,=,18.02,<,0.001,4.32E-47,"t(250) = 18.02, p < 0.001",FALSE,FALSE,FALSE,FALSE,0.74
133-2900-2-PB,t,NA,250,=,13.67,<,0.001,3.83E-32,"t(250) = 13.67, p < 0.001",FALSE,FALSE,FALSE,FALSE,0.74
133-2900-2-PB,t,NA,250,=,1.45,=,0.15,0.148311891,"t(250) = 1.45, p = 0.15",FALSE,FALSE,FALSE,FALSE,0.74
133-2900-2-PB,F,4,738,=,492,<,0.001,1.64E-206,"F(4, 738) = 492, p < 0.001",FALSE,FALSE,FALSE,FALSE,0.74
133-2900-2-PB,F,2,738,=,4.58,=,0.01,0.010548098,"F(2, 738) = 4.58, p = 0.01",FALSE,FALSE,FALSE,FALSE,0.74
133-2900-2-PB,F,3,693,=,220.6,<,0.001,1.94E-100,"F(3, 693) = 220.6, p < 0.001",FALSE,FALSE,FALSE,FALSE,0.74
133-2900-2-PB,F,2,693,=,140.1,<,0.001,7.98E-52,"F(2, 693) = 140.1, p < 0.001",FALSE,FALSE,FALSE,FALSE,0.74
133-2900-2-PB,F,6,693,=,10.5,<,0.001,3.61E-11,"F(6, 693) = 10.5, p < 0.001",FALSE,FALSE,FALSE,FALSE,0.74
133-2900-2-PB,F,3,693,=,68.71,<,0.001,6.60E-39,"F(3, 693) = 68.71, p < 0.001",FALSE,FALSE,FALSE,FALSE,0.74
133-2900-2-PB,F,2,693,=,105.14,<,0.001,1.32E-40,"F(2, 693) = 105.14, p < 0.001",FALSE,FALSE,FALSE,FALSE,0.74
133-2900-2-PB,F,6,693,=,35.52,<,0.001,1.52E-37,"F(6,
693) = 35.52, p < 0.001",FALSE,FALSE,FALSE,FALSE,0.74
133-2900-2-PB,F,2,102,=,18.29,<,0.001,1.63E-07,"F(2, 102) = 18.29, p < 0.001",FALSE,FALSE,FALSE,FALSE,0.74
133-2900-2-PB,F,2,102,=,14.52,<,0.001,2.82E-06,"F(2, 102) = 14.52, p < 0.001",FALSE,FALSE,FALSE,FALSE,0.74
133-2900-2-PB,F,2,78,=,3.12,=,0.05,0.049713408,"F(2, 78) = 3.12, p = 0.05",FALSE,FALSE,FALSE,FALSE,0.74
133-2900-2-PB,F,2,78,=,27.4,<,0.001,9.70E-10,"F(2, 78) = 27.4, p < 0.001",FALSE,FALSE,FALSE,FALSE,0.74
133-2900-2-PB,F,2,384,=,120.7,<,0.001,2.13E-41,"F(2, 384) = 120.7, p
< 0.001",FALSE,FALSE,FALSE,FALSE,0.74
133-2900-2-PB,F,2,384,=,89.43,<,0.001,1.30E-32,"F(2, 384) = 89.43, p < 0.001",FALSE,FALSE,FALSE,FALSE,0.74
133-2900-2-PB,F,2,129,=,10.42,<,0.001,6.38E-05,"F(2, 129) = 10.42, p < 0.001",FALSE,FALSE,FALSE,FALSE,0.74
133-2900-2-PB,F,2,129,=,92.18,<,0.001,1.37E-25,"F(2, 129) = 92.18, p < 0.001",FALSE,FALSE,FALSE,FALSE,0.74
133-2900-2-PB,F,8,1431,=,13.38,<,0.001,8.44E-19,"F(8, 1431) = 13.38, p < 0.001",FALSE,FALSE,FALSE,FALSE,0.74
133-2900-2-PB,F,2,1431,=,15,<,0.001,3.57E-07,"F(2, 1431) = 15, p < 0.001",FALSE,FALSE,FALSE,FALSE,0.74
133-2900-2-PB,F,16,1431,=,3,<,0.001,5.81E-05,"F(16, 1431) = 3, p < 0.001",FALSE,FALSE,FALSE,FALSE,0.74
133-2900-2-PB,F,2,78,=,4.6,=,0.013,0.012928454,"F(2, 78) = 4.6, p = 0.013",FALSE,FALSE,FALSE,FALSE,0.74
133-2900-2-PB,F,2,384,=,9.78,<,0.001,7.20E-05,"F(2,
384) = 9.78, p < 0.001",FALSE,FALSE,FALSE,FALSE,0.74
133-2900-2-PB,F,2,123,=,5.3,=,0.006,0.006195369,"F(2, 123) = 5.3, p = 0.006",FALSE,FALSE,FALSE,FALSE,0.74
133-2900-2-PB,F,2,255,=,7.4,<,0.001,0.000751666,"F(2, 255) = 7.4, p < 0.001",FALSE,FALSE,FALSE,FALSE,0.74
134-2361-1-PB,Z,NA,NA,=,5.5,<,1.00E-04,3.80E-08,"Z= 5.5, p < 0.0001",FALSE,FALSE,FALSE,FALSE,1
134-2361-1-PB,Z,NA,NA,=,7.5,<,0.001,6.38E-14,"Z= 7.5, p < 0.001",FALSE,FALSE,FALSE,FALSE,1
134-2361-1-PB,Z,NA,NA,=,3,=,0.0027,0.002699796,"Z= 3.0, p= 0.0027",FALSE,FALSE,FALSE,FALSE,1
134-2361-1-PB,Z,NA,NA,=,0.26,=,0.79,0.794863774,"Z= 0.26, p= 0.79",FALSE,FALSE,FALSE,FALSE,1
134-2361-1-PB,Z,NA,NA,=,3.2,=,0.0016,0.001374276,"Z= 3.2,
p = 0.0016",FALSE,FALSE,TRUE,FALSE,1
134-2361-1-PB,Z,NA,NA,=,2.5,=,0.013,0.012419331,"Z= 2.5, p= 0.013",FALSE,FALSE,TRUE,FALSE,1
134-2361-1-PB,Z,NA,NA,=,3.5,<,0.001,0.000465258,"Z= 3.5, p < 0.001",FALSE,FALSE,FALSE,FALSE,1
134-2361-1-PB,Z,NA,NA,=,6.2,<,1.00E-04,5.65E-10,"Z= 6.2, p < 0.0001",FALSE,FALSE,FALSE,FALSE,1
134-2361-1-PB,Z,NA,NA,=,4.4,<,1.00E-04,1.08E-05,"Z= 4.4, p < 0.0001",FALSE,FALSE,FALSE,FALSE,1
134-2361-1-PB,Z,NA,NA,=,1.3,=,0.21,0.193600969,"Z= 1.3, p= 0.21",FALSE,FALSE,FALSE,FALSE,1
134-2361-1-PB,Z,NA,NA,=,0.6,=,0.4,0.548506236,"Z= 0.60, p= 0.40",TRUE,FALSE,FALSE,FALSE,1
134-2361-1-PB,Z,NA,NA,=,0.57,=,0.57,0.568677698,"Z= 0.57, p= 0.57",FALSE,FALSE,FALSE,FALSE,1
134-2361-1-PB,Z,NA,NA,=,-0.84,=,0.4,0.400908387,"Z= -0.84, p= 0.40",FALSE,FALSE,FALSE,FALSE,1
134-2361-1-PB,Z,NA,NA,=,4.5,<,1.00E-04,6.80E-06,"Z = 4.5, p < 0.0001",FALSE,FALSE,FALSE,FALSE,1
137-2469-2-PB,t,NA,13,=,11.38,<,0.01,3.94E-08,"t(13) = 11.38, p < .01",FALSE,FALSE,FALSE,TRUE,0.86
137-2469-2-PB,t,NA,13,=,5.15,<,0.01,0.000186673,"t(13) = 5.15, p < .01",FALSE,FALSE,FALSE,TRUE,0.86
137-2469-2-PB,t,NA,13,=,-2.75,<,0.05,0.016537847,"t(13) = -2.75, p < .05",FALSE,FALSE,FALSE,TRUE,0.86
137-2469-2-PB,t,NA,13,=,4.16,<,0.01,0.001120102,"t(13) = 4.16, p < .01",FALSE,FALSE,FALSE,TRUE,0.86
137-2469-2-PB,t,NA,9,=,3.7,<,0.01,0.004920562,"t(9) = 3.7, p < .01",FALSE,FALSE,FALSE,TRUE,0.86
137-2469-2-PB,t,NA,9,=,3.03,<,0.05,0.014246688,"t(9) = 3.03, p < .05",FALSE,FALSE,FALSE,TRUE,0.86
137-2469-2-PB,t,NA,20,=,3.56,<,0.01,0.001962355,"t(20) = 3.56, p < .01",FALSE,FALSE,FALSE,TRUE,0.86
137-2469-2-PB,t,NA,20,=,0.3,=,0.76,0.767273003,"t(20) = .3, p = .76",FALSE,FALSE,FALSE,TRUE,0.86
137-2469-2-PB,t,NA,20,=,-0.99,=,0.34,0.334001102,"t(20) = -.99, p = .34",FALSE,FALSE,FALSE,TRUE,0.86
137-2469-2-PB,t,NA,20,=,3.41,<,0.01,0.002776571,"t(20) = 3.41, p < .01",FALSE,FALSE,FALSE,TRUE,0.86
137-2469-2-PB,t,NA,20,=,0.67,=,0.51,0.510520296,"t(20)
= .67, p = .51",FALSE,FALSE,FALSE,TRUE,0.86
137-2469-2-PB,t,NA,20,=,-0.95,=,0.35,0.353451946,"t(20) = -.95, p = .35",FALSE,FALSE,FALSE,TRUE,0.86
148-4744-1-PB,Chi2,1,NA,=,36.83,<,1.00E-04,1.29E-09," (2(1) = 36.83, p < .0001",FALSE,FALSE,FALSE,FALSE,0.91
148-4744-1-PB,Chi2,1,NA,=,48.79,<,1.00E-04,2.85E-12," (2(1) = 48.79,
p < .0001",FALSE,FALSE,FALSE,FALSE,0.91
148-4744-1-PB,Chi2,1,NA,=,42.94,<,1.00E-04,5.64E-11,"
(2(1) = 42.94, p < .0001",FALSE,FALSE,FALSE,FALSE,0.91
148-4744-1-PB,Chi2,1,NA,=,9.72,=,0.002,0.001822735," (2(1) = 9.72, p = .002",FALSE,FALSE,FALSE,FALSE,0.91
148-4744-1-PB,Chi2,1,NA,=,23.95,<,1.00E-04,9.89E-07," (2(1) = 23.95, p < .0001",FALSE,FALSE,FALSE,FALSE,0.91
148-4744-1-PB,Chi2,1,NA,=,36.17,<,1.00E-04,1.81E-09," (2(1) = 36.17, p < .0001",FALSE,FALSE,FALSE,FALSE,0.91
148-4744-1-PB,Chi2,1,NA,=,28.17,<,1.00E-04,1.11E-07," (2(1) =
28.17, p < .0001",FALSE,FALSE,FALSE,FALSE,0.91
148-4744-1-PB,Chi2,1,NA,=,1.13,=,0.29,0.287775339," (2(1) = 1.13, p = .29",FALSE,FALSE,FALSE,FALSE,0.91
148-4744-1-PB,Chi2,1,NA,=,29.06,<,1.00E-04,7.02E-08," (2(1) = 29.06, p < .0001",FALSE,FALSE,FALSE,FALSE,0.91
148-4744-1-PB,Chi2,1,NA,=,0.3,=,0.59,0.583882421," (2(1) = 0.3, p = .59",FALSE,FALSE,FALSE,FALSE,0.91
150-3419-1-PB,Chi2,4,NA,=,37.02,<,1.00E-04,1.78E-07," (2(4) = 37.02, p < 0.0001",FALSE,FALSE,FALSE,TRUE,0.05
150-3419-1-PB,Chi2,4,NA,=,79.57,<,1.00E-04,2.15E-16," (2(4) = 79.57, p < 0.0001",FALSE,FALSE,FALSE,TRUE,0.05
162-4037-1-PB,Chi2,1,NA,=,5.89,<,0.05,0.0152271," 2 (1) = 5.89, p < 0.05",FALSE,FALSE,FALSE,FALSE,0.67
162-4037-1-PB,Chi2,1,NA,=,12.92,<,0.001,0.00032509,"
2 (1) = 12.92, p < 0.001",FALSE,FALSE,FALSE,FALSE,0.67
163-3847-1-PB,Chi2,9,NA,=,68.17,<,0.001,3.47E-11," (2(9) = 68.17, p < .001",FALSE,FALSE,FALSE,FALSE,0.05
168-4791-1-PB,Chi2,1,NA,=,9.14,=,0.0025,0.002500811," (2(1) = 9.14, p = 0.0025",FALSE,FALSE,FALSE,TRUE,0.8
168-4791-1-PB,Chi2,2,NA,=,1.44,=,0.49,0.486752256," (2(2) = 1.44, p = 0.49",FALSE,FALSE,FALSE,TRUE,0.8
168-4791-1-PB,Chi2,3,NA,=,7.73,=,0.05,0.051934146," (2(3) = 7.73, p = 0.05",FALSE,FALSE,FALSE,TRUE,0.8
168-4791-1-PB,Chi2,3,NA,=,13.95,=,0.003,0.002974007," (2(3) = 13.95, p = 0.003",FALSE,FALSE,FALSE,TRUE,0.8
176-3794-1-PB,Z,NA,NA,=,1.53,=,0.125,0.126016729,"Z = 1.53, p = .125",FALSE,FALSE,FALSE,FALSE,0.67
176-3794-1-PB,Z,NA,NA,=,1.18,=,0.24,0.238000215,"Z = 1.18, p = .240",FALSE,FALSE,FALSE,FALSE,0.67
17-757-1-PB,Z,NA,NA,=,47.4,<,0.001,0,"Z = 47.4, p < 0.001",FALSE,FALSE,FALSE,FALSE,0.76
17-757-1-PB,Z,NA,NA,=,52.5,<,0.001,0,"Z = 52.5,
p < 0.001",FALSE,FALSE,FALSE,FALSE,0.76
17-757-1-PB,t,NA,16,=,5.7605,<,0.001,2.92E-05,"t(16) = 5.7605, p < 0.001",FALSE,FALSE,FALSE,FALSE,0.76
17-757-1-PB,t,NA,16,=,3.9121,<,0.005,0.001241717,"t(16) = 3.9121, p < 0.005",FALSE,FALSE,FALSE,FALSE,0.76
17-757-1-PB,t,NA,14,=,6.4048,<,0.001,1.64E-05,"t(14) = 6.4048, p < 0.001",FALSE,FALSE,FALSE,FALSE,0.76
17-757-1-PB,t,NA,14,=,4.0197,<,0.005,0.001266197,"t(14) = 4.0197, p < 0.005",FALSE,FALSE,FALSE,FALSE,0.76
17-757-1-PB,F,1,14,=,7.577,<,0.05,0.015564239,"F(1, 14)
= 7.577, p < 0.05",FALSE,FALSE,FALSE,FALSE,0.76
17-757-1-PB,F,1,14,=,3.87,=,0.0693,0.069296068,"F(1, 14) = 3.87, p = 0.0693",FALSE,FALSE,FALSE,FALSE,0.76
17-757-1-PB,F,1,14,=,3.289,=,0.0912,0.091233462,"F(1, 14) = 3.289, p = 0.0912",FALSE,FALSE,FALSE,FALSE,0.76
17-757-1-PB,t,NA,16,=,11.369,<,0.001,4.48E-09,"t(16) = 11.369, p < 0.001",FALSE,FALSE,FALSE,FALSE,0.76
17-757-1-PB,t,NA,16,=,13.026,<,0.001,6.21E-10,"t(16) = 13.026, p < 0.001",FALSE,FALSE,FALSE,FALSE,0.76
17-757-1-PB,F,2,28,=,22.62,<,0.001,1.42E-06,"F(2, 28) = 22.62, p < 0.001",FALSE,FALSE,FALSE,FALSE,0.76
17-757-1-PB,F,1,14,=,13.24,<,0.005,0.002684423,"F(1, 14) = 13.24, p < 0.005",FALSE,FALSE,FALSE,FALSE,0.76
18-1336-1-PB,r,NA,581,=,0.68,=,0,2.42E-80,"r(581) = 0.68, p = 0.000",TRUE,FALSE,FALSE,TRUE,0.14
187-3285-1-PB,Z,NA,NA,=,-2.72,<,0.01,0.006528192,"Z = -2.72, p < 0.01",FALSE,FALSE,FALSE,FALSE,0.26
187-3285-1-PB,Z,NA,NA,=,7.1,<,0.001,1.25E-12,"Z = 7.1, p < 0.001",FALSE,FALSE,FALSE,FALSE,0.26
187-3285-1-PB,Z,NA,NA,=,3.11,<,0.01,0.001870873,"
Z = 3.11, p < 0.01",FALSE,FALSE,FALSE,FALSE,0.26
187-3285-1-PB,Z,NA,NA,=,7.5,<,0.001,6.38E-14,"Z = 7.5, p < 0.001",FALSE,FALSE,FALSE,FALSE,0.26
187-3285-1-PB,Z,NA,NA,=,0.9,=,0.36,0.368120251,"Z = 0.9, p = 0.36",FALSE,FALSE,FALSE,FALSE,0.26
187-3285-1-PB,Z,NA,NA,=,3.46,<,0.001,0.000540175,"Z = 3.46, p < 0.001",FALSE,FALSE,FALSE,FALSE,0.26
187-3285-1-PB,Z,NA,NA,=,3.71,<,0.001,0.000207259,"Z = 3.71, p < 0.001",FALSE,FALSE,FALSE,FALSE,0.26
187-3285-1-PB,Z,NA,NA,=,0.12,<,0.05,0.904483148,"
Z= 0.12, p < 0.05",TRUE,TRUE,FALSE,FALSE,0.26
187-3285-1-PB,Z,NA,NA,=,3.23,<,0.01,0.001237902,"Z = 3.23, p < 0.01",FALSE,FALSE,FALSE,FALSE,0.26
187-3285-1-PB,Z,NA,NA,=,2.85,<,0.01,0.004371923,"Z = 2.85, p < 0.01",FALSE,FALSE,FALSE,FALSE,0.26
187-3285-1-PB,Z,NA,NA,=,-2.97,<,0.01,0.002977997,"
Z = -2.97, p < 0.01",FALSE,FALSE,FALSE,FALSE,0.26
187-3285-1-PB,Z,NA,NA,=,1.71,=,0.08,0.087265873,"Z = 1.71,
p = 0.08",TRUE,FALSE,FALSE,FALSE,0.26
195-4189-1-PB,t,NA,6,=,-6.3,<,0.001,0.000745559,"t(6) = -6.3, p < .001",FALSE,FALSE,FALSE,FALSE,0.19
195-4189-1-PB,t,NA,6,=,-13.3,<,0.001,1.12E-05,"t(6) = -13.3, p < .001",FALSE,FALSE,FALSE,FALSE,0.19
195-4189-1-PB,t,NA,20,=,14.3,<,0.001,5.79E-12,"t(20) = 14.3, p < .001",FALSE,FALSE,FALSE,FALSE,0.19
195-4189-1-PB,t,NA,20,=,6.3,<,0.001,3.77E-06,"t(20) = 6.3,
p < .001",FALSE,FALSE,FALSE,FALSE,0.19
195-4189-1-PB,r,NA,1177.68,=,21.6,<,0.001,NA,"r (1177.68) = 21.6,
p < .001",NA,NA,FALSE,FALSE,0.19
216-4804-1-PB,Z,NA,NA,=,5.64,<,1.00E-04,1.70E-08,"Z = 5.64, p < .0001",FALSE,FALSE,FALSE,FALSE,0.26
216-4804-1-PB,Z,NA,NA,=,-4.39,<,1.00E-04,1.13E-05,"Z = -4.39, p < .0001",FALSE,FALSE,FALSE,FALSE,0.26
216-4804-1-PB,Z,NA,NA,=,-3.73,<,0.001,0.00019148,"Z = -3.73, p < .001",FALSE,FALSE,FALSE,FALSE,0.26
216-4804-1-PB,Chi2,2,NA,=,16.33,<,0.001,0.000284437," 2 (2) = 16.33, p < .001",FALSE,FALSE,FALSE,FALSE,0.26
216-4804-1-PB,Z,NA,NA,=,-2.68,<,0.01,0.007362216,"Z = -2.68, p < .01",FALSE,FALSE,FALSE,FALSE,0.26
22-1004-1-PB,F,4,80,=,23.78,<,0.001,5.58E-13,"F(4,80) = 23.78, p < .001",FALSE,FALSE,FALSE,FALSE,0.67
22-1004-1-PB,F,2,40,=,69.83,<,0.001,8.96E-14,"F(2,40) = 69.83, p < .001",FALSE,FALSE,FALSE,FALSE,0.67
22-1004-1-PB,F,2,40,=,19.39,<,0.001,1.30E-06,"F(2,40) = 19.39, p < .001",FALSE,FALSE,FALSE,FALSE,0.67
22-1004-1-PB,F,2,40,=,7.08,<,0.005,0.002331453,"F(2,40) = 7.08, p < .005",FALSE,FALSE,FALSE,FALSE,0.67
22-1004-1-PB,F,2,40,=,2.2,>,0.1,0.124033907,"F(2,40) = 2.20, p > .10",FALSE,FALSE,FALSE,FALSE,0.67
22-1004-1-PB,F,1,20,=,294.71,<,0.001,1.95E-13,"F(1,20) = 294.71, p < .001",FALSE,FALSE,FALSE,FALSE,0.67
22-1004-1-PB,F,2,40,=,91.17,<,0.001,1.26E-15,"F(2,40) = 91.17, p < .001",FALSE,FALSE,FALSE,FALSE,0.67
22-1004-1-PB,F,1,20,=,120,<,0.001,6.69E-10,"F(1,20) = 120.00, p < .001",FALSE,FALSE,FALSE,FALSE,0.67
22-1004-1-PB,F,2,40,=,108.12,<,0.001,7.38E-17,"F(2,40) = 108.12, p < .001",FALSE,FALSE,FALSE,FALSE,0.67
22-1004-1-PB,F,2,40,=,76.96,<,0.001,1.94E-14,"F(2,40) = 76.96, p < .001",FALSE,FALSE,FALSE,FALSE,0.67
22-1004-1-PB,F,4,80,=,10.75,<,0.001,5.05E-07,"F(4,80) = 10.75, p < .001",FALSE,FALSE,FALSE,FALSE,0.67
22-1004-1-PB,F,4,80,=,3.12,<,0.02,0.019396604,"F(4,80) = 3.12, p < .02",FALSE,FALSE,FALSE,FALSE,0.67
22-1004-1-PB,F,1,21,=,15.58,<,0.005,0.000737126,"F(1,21) = 15.58,
p < .005",FALSE,FALSE,FALSE,FALSE,0.67
22-1004-1-PB,F,2,42,=,3.87,<,0.03,0.028669076,"F(2,42) = 3.87, p < .03",FALSE,FALSE,FALSE,FALSE,0.67
22-1004-1-PB,F,2,42,=,8.9,<,0.005,0.000599115,"F(2,42) = 8.90, p < .005",FALSE,FALSE,FALSE,FALSE,0.67
22-1004-1-PB,F,1,21,=,5.27,<,0.04,0.032093341,"F(1,21) = 5.27, p < .04",FALSE,FALSE,FALSE,FALSE,0.67
232-4915-1-PB,t,NA,6,=,2.89,=,0.03,0.027693558,"t(6) = 2.89,
p = .03",FALSE,FALSE,FALSE,FALSE,1
232-4915-1-PB,t,NA,5,=,13.88,<,0.001,3.49E-05,"t(5) = 13.88, p < .001",FALSE,FALSE,FALSE,FALSE,1
232-4915-1-PB,t,NA,6,=,2.4,=,0.055,0.053294877,"t(6) = 2.40, p = .055",TRUE,FALSE,FALSE,FALSE,1
232-4915-1-PB,F,1,5,=,9.3,=,0.03,0.028437615,"F(1, 5) = 9.30, p= .03",FALSE,FALSE,FALSE,FALSE,1
232-4915-1-PB,t,NA,5,=,3.23,=,0.07,0.02320583,"t(5) = 3.23, p = .07",TRUE,TRUE,FALSE,FALSE,1
232-4915-1-PB,t,NA,7,=,1.52,=,0.47,0.172313068,"t(7) = 1.52, p = .47",TRUE,FALSE,FALSE,FALSE,1
25-779-2-PB,F,2,34,=,16.6,<,0.001,9.33E-06,"F(2,34) = 16.6, p < .001",FALSE,FALSE,FALSE,TRUE,0.49
25-779-2-PB,t,NA,17,=,3.16,<,0.005,0.005718827,"t(17) = 3.16, p < .005",FALSE,FALSE,FALSE,TRUE,0.49
25-779-2-PB,t,NA,17,=,5.99,<,0.001,1.46E-05,"t(17) = 5.99, p < .001",FALSE,FALSE,FALSE,TRUE,0.49
25-779-2-PB,t,NA,17,=,2.1,<,0.05,0.050959847,"t(17) = 2.10, p < .05",FALSE,FALSE,TRUE,TRUE,0.49
25-779-2-PB,F,1,16,=,21.82,<,0.001,0.000255507,"F(1,16) = 21.82, p < .001",FALSE,FALSE,FALSE,TRUE,0.49
25-779-2-PB,F,1,16,=,22.17,<,0.001,0.000236691,"F(1,16) = 22.17, p < .001",FALSE,FALSE,FALSE,TRUE,0.49
25-779-2-PB,F,1,16,=,15.16,<,0.005,0.001291105,"F(1,16) = 15.16, p < .005",FALSE,FALSE,FALSE,TRUE,0.49
25-779-2-PB,F,1,16,=,21.33,<,0.001,0.00028475,"F(1,16) = 21.33,
p < .001",FALSE,FALSE,FALSE,TRUE,0.49
25-779-2-PB,F,1,16,=,16.35,=,0.001,0.000941847,"F(1,16) = 16.35, p = .001",FALSE,FALSE,FALSE,TRUE,0.49
25-779-2-PB,F,1,16,=,119.8,<,0.001,7.71E-09,"F(1,16) = 119.8,
p < .001",FALSE,FALSE,FALSE,TRUE,0.49
25-779-2-PB,F,1,16,=,79.41,<,0.001,1.33E-07,"F(1,16) = 79.41, p < .001",FALSE,FALSE,FALSE,TRUE,0.49
25-779-2-PB,F,1,9,=,4.1,=,0.07,0.073544251,"F(1,9) = 4.1, p = .07",FALSE,FALSE,FALSE,TRUE,0.49
25-779-2-PB,t,NA,9,=,2.38,<,0.05,0.041227692,"t(9) = 2.38, p < .05",FALSE,FALSE,FALSE,TRUE,0.49
25-779-2-PB,F,2,64,=,9.02,<,0.001,0.000353947,"F(2,64) = 9.02, p < .001",FALSE,FALSE,FALSE,TRUE,0.49
25-779-2-PB,t,NA,35,=,3.9,<,0.001,0.000416517,"t(35) = 3.90, p < .001",FALSE,FALSE,FALSE,TRUE,0.49
25-779-2-PB,t,NA,35,=,3.4,=,0.001,0.00169785,"t(35) = 3.40, p = .001",FALSE,FALSE,TRUE,TRUE,0.49
25-779-2-PB,F,2,104,=,26.08,<,0.001,6.61E-10,"F(2,104) = 26.08, p < .001",FALSE,FALSE,FALSE,TRUE,0.49
25-779-2-PB,t,NA,53,=,5.04,<,0.001,5.77E-06,"t(53) = 5.04,
p < .001",FALSE,FALSE,FALSE,TRUE,0.49
25-779-2-PB,F,2,104,=,3.97,<,0.05,0.021802079,"F(2,104) = 3.97, p < .05",FALSE,FALSE,FALSE,TRUE,0.49
25-779-2-PB,t,NA,52,=,-1.17,=,0.25,0.247335595,"t(52) = -1.17, p = .25",FALSE,FALSE,FALSE,TRUE,0.49
25-779-2-PB,t,NA,52,=,-0.01,=,0.99,0.992059555,"t(52) = -0.01, p = .99",FALSE,FALSE,FALSE,TRUE,0.49
25-779-2-PB,t,NA,52,=,2.02,<,0.05,0.04854933,"t(52) = 2.02, p < .05",FALSE,FALSE,FALSE,TRUE,0.49
33-745-1-PB,Chi2,1,NA,=,4.76,<,0.029,0.029128548," (2(1) = 4.76, p<.029",TRUE,FALSE,FALSE,FALSE,0.07
33-745-1-PB,Chi2,1,NA,=,0.03,=,0.856,0.86249023," (2(1) =
.03, p=.856",FALSE,FALSE,FALSE,FALSE,0.07
37-1616-1-PB,F,1,333,=,99.18,<,0.001,1.27E-20,"F(1, 333) = 99.180, p < 0.001",FALSE,FALSE,FALSE,FALSE,0.1
37-1616-1-PB,F,1,332,=,134.659,<,0.001,2.31E-26,"F(1, 332) = 134.659,
p < 0.001",FALSE,FALSE,FALSE,FALSE,0.1
37-1616-1-PB,F,2,332,=,136.824,<,0.001,4.57E-44,"F (2, 332) = 136.824, p < 0.001",FALSE,FALSE,FALSE,FALSE,0.1
39-448-1-PB,F,1,173,=,43.27,<,0.001,5.45E-10,"F(1, 173) = 43.27, p < .001",FALSE,FALSE,FALSE,TRUE,0.75
39-448-1-PB,F,1,173,=,26.34,<,0.001,7.64E-07,"F(1, 173) = 26.34, p < .001",FALSE,FALSE,FALSE,TRUE,0.75
39-448-1-PB,F,1,173,=,5.65,=,0.019,0.018547359,"F(1, 173) = 5.65, p = .019",FALSE,FALSE,FALSE,TRUE,0.75
39-448-1-PB,F,2,173,=,2.54,=,0.082,0.081804596,"F(2, 173) = 2.54, p = .082",FALSE,FALSE,FALSE,TRUE,0.75
39-448-1-PB,F,2,173,=,3.09,=,0.048,0.048022347,"F(2, 173) = 3.09, p = .048",FALSE,FALSE,FALSE,TRUE,0.75
39-448-1-PB,F,1,65,=,34.32,<,0.001,1.69E-07,"F(1, 65) = 34.32, p < .001",FALSE,FALSE,FALSE,TRUE,0.75
39-448-1-PB,F,1,51,=,18.68,<,0.001,7.17E-05,"F(1, 51) = 18.68, p < .001",FALSE,FALSE,FALSE,TRUE,0.75
39-448-1-PB,F,1,60,=,2.92,=,0.092,0.09265644,"F(1, 60) = 2.92, p = .092",FALSE,FALSE,FALSE,TRUE,0.75
39-448-1-PB,F,1,173,=,4.01,=,0.047,0.046793091,"F(1, 173) = 4.01, p = .047",FALSE,FALSE,FALSE,TRUE,0.75
39-448-1-PB,F,1,178,=,27.27,<,0.001,4.90E-07,"F(1, 178) = 27.27, p < .001",FALSE,FALSE,FALSE,TRUE,0.75
39-448-1-PB,F,1,178,=,4.53,=,0.035,0.034681348,"F(1, 178) = 4.53, p = .035",FALSE,FALSE,FALSE,TRUE,0.75
39-448-1-PB,F,1,64,=,4.02,=,0.049,0.0491972,"F(1, 64) = 4.02,
p = .049",FALSE,FALSE,FALSE,TRUE,0.75
39-448-1-PB,F,1,50,=,9.17,=,0.004,0.003884585,"F(1, 50) = 9.17, p = .004",FALSE,FALSE,FALSE,TRUE,0.75
39-448-1-PB,F,1,50,=,5.72,=,0.021,0.020575306,"F(1, 50) = 5.72,
p = .021",FALSE,FALSE,FALSE,TRUE,0.75
39-448-1-PB,F,1,60,=,13.87,>,0.001,0.00043489,"F(1, 60) = 13.87, p > .001",TRUE,FALSE,FALSE,TRUE,0.75
41-1844-1-PB,t,NA,411.4,=,4,=,7.00E-05,7.51E-05,"t(411.4) = 4.0, p = .00007",FALSE,FALSE,TRUE,FALSE,0.73
41-1844-1-PB,t,NA,365.6,=,-0.8,=,0.43,0.424230294,"t(365.6) = -.80, p = .43",FALSE,FALSE,FALSE,FALSE,0.73
41-1844-1-PB,t,NA,195.3,=,2.8,=,0.00564,0.005623562,"t(195.3) = 2.8, p = 0.00564",FALSE,FALSE,FALSE,FALSE,0.73
41-1844-1-PB,t,NA,195.2,=,2.9,=,0.00474,0.004159401,"t(195.2) = 2.9, p = 0.00474",FALSE,FALSE,TRUE,FALSE,0.73
41-1844-1-PB,t,NA,382.5,=,1.5,=,0.12,0.13443933,"t(382.5) = 1.5, p = .12",FALSE,FALSE,FALSE,FALSE,0.73
41-1844-1-PB,t,NA,382.1,=,1.1,=,0.25,0.272024654,"t(382.1) = 1.1, p = .25",FALSE,FALSE,FALSE,FALSE,0.73
41-1844-1-PB,t,NA,990.5,=,1.827,=,0.068,0.068000573,"t(990.5) = 1.827, p = .068",FALSE,FALSE,FALSE,FALSE,0.73
41-1844-1-PB,t,NA,990.5,=,1.93,=,0.054,0.053892113,"t(990.5) = 1.93, p = .054",FALSE,FALSE,FALSE,FALSE,0.73
41-1844-1-PB,t,NA,234.5,=,3.07,=,0.0024,0.002392797,"t(234.5) = 3.07, p = 0.0024",FALSE,FALSE,FALSE,FALSE,0.73
41-1844-1-PB,t,NA,235.8,=,0.38,=,0.71,0.704287459,"t(235.8) = 0.38, p = 0.71",FALSE,FALSE,FALSE,FALSE,0.73
41-1844-1-PB,t,NA,234.5,=,0.11,=,0.92,0.912503454,"t(234.5) = 0.11, p = 0.92",FALSE,FALSE,FALSE,FALSE,0.73
41-1844-1-PB,t,NA,235.8,=,0.4,=,0.69,0.689518632,"t(235.8) = 0.40, p = 0.69",FALSE,FALSE,FALSE,FALSE,0.73
41-1844-1-PB,t,NA,100.7,=,1.9,=,0.0573,0.060293842,"t(100.7) = 1.9, p = 0.0573",FALSE,FALSE,FALSE,FALSE,0.73
41-1844-1-PB,t,NA,106.6,=,2.3,=,0.0223,0.0233959,"t(106.6) = 2.3, p = 0.0223",FALSE,FALSE,FALSE,FALSE,0.73
41-1844-1-PB,t,NA,104.9,=,2.02,=,0.0462,0.045932556,"t(104.9) = 2.02, p = 0.0462",FALSE,FALSE,FALSE,FALSE,0.73
41-1844-1-PB,t,NA,104.5,=,2,=,0.0482,0.048094906,"t(104.5) = 2.0, p = 0.0482",FALSE,FALSE,FALSE,FALSE,0.73
44-1512-1-PB,Chi2,2,NA,=,78.6,<,0.001,8.56E-18," (2(2) = 78.6, p < .001",FALSE,FALSE,FALSE,FALSE,1
44-1512-1-PB,Chi2,3,NA,=,7.7,=,0.05,0.052636266," (2(3) = 7.7, p = .05",FALSE,FALSE,FALSE,FALSE,1
44-1512-1-PB,Chi2,6,NA,=,13.6,=,0.03,0.034437928," (2(6) = 13.6, p = .03",FALSE,FALSE,FALSE,FALSE,1
44-1512-1-PB,Chi2,1,NA,=,18.4,<,0.001,1.79E-05," (2(1) = 18.4, p < .001",FALSE,FALSE,FALSE,FALSE,1
44-1512-1-PB,Chi2,3,NA,=,10.3,=,0.02,0.016180837," (2(3) = 10.3, p = .02",FALSE,FALSE,FALSE,FALSE,1
44-1512-1-PB,Chi2,3,NA,=,9.9,=,0.02,0.019435581," (2(3) = 9.9, p = .02",FALSE,FALSE,FALSE,FALSE,1
44-1512-1-PB,Chi2,1,NA,=,0.94,=,0.33,0.332277842," (2(1) = .94, p = .33",FALSE,FALSE,FALSE,FALSE,1
44-1512-1-PB,Chi2,1,NA,=,8.1,=,0.004,0.004426526," 2(1) = 8.1, p = .004",FALSE,FALSE,FALSE,FALSE,1
44-1512-1-PB,Chi2,1,NA,=,3.15,=,0.08,0.075926963,"
2(1) = 3.15, p = .08",FALSE,FALSE,FALSE,FALSE,1
44-1512-1-PB,Chi2,1,NA,=,14.9,<,0.001,0.000113363," 2(1) = 14.9, p < .001",FALSE,FALSE,FALSE,FALSE,1
44-1512-1-PB,Chi2,1,NA,=,32,<,0.001,1.54E-08,"
(2(1) = 32.0, p < .001",FALSE,FALSE,FALSE,FALSE,1
44-1512-1-PB,Chi2,3,NA,=,0.6,=,0.9,0.896432373," (2(3) = 0.6, p = .9",FALSE,FALSE,FALSE,FALSE,1
44-1512-1-PB,Chi2,3,NA,=,2.85,=,0.41,0.415335029," (2(3) = 2.85, p = .41",FALSE,FALSE,FALSE,FALSE,1
44-1512-1-PB,Chi2,1,NA,=,12,<,0.001,0.000532006," 2(1) = 12.0, p < .001",FALSE,FALSE,FALSE,FALSE,1
44-1512-1-PB,Chi2,1,NA,=,2.56,=,0.11,0.109598583," 2(1) = 2.56, p = .11",FALSE,FALSE,FALSE,FALSE,1
44-1512-1-PB,Chi2,1,NA,=,8.08,=,0.004,0.004475645," 2(1) = 8.08, p = .004",FALSE,FALSE,FALSE,FALSE,1
44-1512-1-PB,Chi2,1,NA,=,11.6,<,0.001,0.000659518," 2(1) = 11.6, p < .001",FALSE,FALSE,FALSE,FALSE,1
44-1512-1-PB,Chi2,1,NA,=,7.57,=,0.006,0.005934778," (2(1) = 7.57, p = .006",FALSE,FALSE,FALSE,FALSE,1
44-1512-1-PB,Chi2,3,NA,=,25.6,<,0.001,1.16E-05," (2(3) = 25.6, p < .001",FALSE,FALSE,FALSE,FALSE,1
44-1512-1-PB,Chi2,1,NA,=,11.7,<,0.001,0.000625001," (2(1) = 11.7,
p < .001",FALSE,FALSE,FALSE,FALSE,1
44-1512-1-PB,Chi2,1,NA,=,11.1,<,0.001,0.000863277," (2(1) = 11.1, p < .001",FALSE,FALSE,FALSE,FALSE,1
44-1512-1-PB,Chi2,3,NA,=,35.6,<,0.001,9.10E-08," (2(3) = 35.6,
p < .001",FALSE,FALSE,FALSE,FALSE,1
44-1512-1-PB,Chi2,3,NA,=,1.3,=,0.73,0.729133076," (2(3) = 1.3, p = .73",FALSE,FALSE,FALSE,FALSE,1
44-1512-1-PB,Chi2,1,NA,=,0.04,=,0.85,0.841480581," (2(1) = .04, p = .85",FALSE,FALSE,FALSE,FALSE,1
44-1512-1-PB,Chi2,3,NA,=,8.44,=,0.04,0.037741852," (2(3) = 8.44, p = .04",FALSE,FALSE,FALSE,FALSE,1
44-1512-1-PB,Chi2,1,NA,=,9.4,=,0.002,0.002169854," (2(1) = 9.4, p = .002",FALSE,FALSE,FALSE,FALSE,1
44-1512-1-PB,Chi2,1,NA,=,0.02,=,0.9,0.887537084," 2(1) = .02, p = .9",FALSE,FALSE,FALSE,FALSE,1
44-1512-1-PB,Chi2,1,NA,=,0.5,=,0.47,0.479500122," 2(1) = .5, p = .47",FALSE,FALSE,FALSE,FALSE,1
44-1512-1-PB,Chi2,1,NA,=,11.6,<,0.001,0.000659518," (2(1) = 11.6, p < .001",FALSE,FALSE,FALSE,FALSE,1
44-1512-1-PB,Chi2,1,NA,=,7,=,0.008,0.008150972," (2(1) = 7, p = .008",FALSE,FALSE,FALSE,FALSE,1
44-1512-1-PB,Chi2,1,NA,=,1.6,=,0.21,0.205903211,"
(2(1) = 1.6, p = .21",FALSE,FALSE,FALSE,FALSE,1
44-1512-1-PB,Chi2,1,NA,=,9.4,=,0.002,0.002169854," 2(1) = 9.4, p = .002",FALSE,FALSE,FALSE,FALSE,1
44-1512-1-PB,Chi2,1,NA,=,8.5,=,0.004,0.003551465," 2(1) = 8.5, p = .004",FALSE,FALSE,FALSE,FALSE,1
44-1512-1-PB,Chi2,1,NA,=,0.6,=,0.26,0.438578026," 2(1) = .6, p = .26",TRUE,FALSE,FALSE,FALSE,1
44-1512-1-PB,Chi2,1,NA,=,17,<,0.001,3.74E-05," 2(1) = 17, p < .001",FALSE,FALSE,FALSE,FALSE,1
44-1512-1-PB,Chi2,1,NA,=,9.2,=,0.002,0.002420151," 2(1) = 9.2, p = .002",FALSE,FALSE,FALSE,FALSE,1
44-1512-1-PB,Chi2,1,NA,=,4.28,=,0.04,0.038563348," (2(1) = 4.28, p = .04",FALSE,FALSE,FALSE,FALSE,1
44-1512-1-PB,Chi2,1,NA,=,17.6,<,0.001,2.73E-05," (2(1) = 17.6, p < .001",FALSE,FALSE,FALSE,FALSE,1
44-1512-1-PB,Chi2,1,NA,=,0.34,=,0.56,0.559829222," (2(1) = .34, p = .56",FALSE,FALSE,FALSE,FALSE,1
44-1512-1-PB,Chi2,1,NA,=,29.2,<,0.001,6.53E-08," 2(1) = 29.2,
p < .001",FALSE,FALSE,FALSE,FALSE,1
44-1512-1-PB,Chi2,1,NA,=,8.8,=,0.003,0.003012305," 2(1) = 8.8, p = .003",FALSE,FALSE,FALSE,FALSE,1
44-1512-1-PB,Chi2,1,NA,=,0.7,=,0.41,0.402783694," (2(1) = .7,
p = .41",FALSE,FALSE,FALSE,FALSE,1
44-1512-1-PB,Chi2,1,NA,=,4.77,=,0.03,0.028959826," (2(1) = 4.77, p = .03",FALSE,FALSE,FALSE,FALSE,1
44-1512-1-PB,Chi2,1,NA,=,0.05,=,0.83,0.823063274," (2(1) =
.05, p = .83",FALSE,FALSE,FALSE,FALSE,1
44-1512-1-PB,Chi2,2,NA,=,27.6,<,0.001,1.02E-06," (2(2) = 27.6, p < .001",FALSE,FALSE,FALSE,FALSE,1
44-1512-1-PB,Chi2,1,NA,=,27.4,<,0.001,1.65E-07," (2(1) = 27.4,
p < .001",FALSE,FALSE,FALSE,FALSE,1
44-1512-1-PB,Chi2,1,NA,=,0.57,=,0.45,0.450258916," (2(1) = .57, p = .45",FALSE,FALSE,FALSE,FALSE,1
44-1512-1-PB,Chi2,1,NA,=,5.4,=,0.02,0.020136752," (2(1) = 5.4,
p = .02",FALSE,FALSE,FALSE,FALSE,1
44-1512-1-PB,Chi2,2,NA,=,1.8,=,0.4,0.40656966," (2(2) = 1.8, p = .4",FALSE,FALSE,FALSE,FALSE,1
44-1512-1-PB,Chi2,2,NA,=,12,=,0.002,0.002478752," (2(2) = 12, p = .002",FALSE,FALSE,FALSE,FALSE,1
44-1512-1-PB,Chi2,1,NA,=,4.11,=,0.04,0.042630362," 2(1) = 4.11, p = .04",FALSE,FALSE,FALSE,FALSE,1
44-1512-1-PB,Chi2,1,NA,=,5.99,=,0.01,0.014387202,"
2(1) = 5.99, p = .01",FALSE,FALSE,FALSE,FALSE,1
44-1512-1-PB,Chi2,1,NA,=,2.68,=,0.1,0.101615728," (2(1) = 2.68, p = .1",FALSE,FALSE,FALSE,FALSE,1
44-1512-1-PB,Chi2,2,NA,=,12.8,=,0.002,0.001661557," (2(2) = 12.8, p = .002",FALSE,FALSE,FALSE,FALSE,1
44-1512-1-PB,Chi2,1,NA,=,0.13,=,0.72,0.718432039," (2(1) = 0.13, p = .72",FALSE,FALSE,FALSE,FALSE,1
44-1512-1-PB,Chi2,2,NA,=,1.22,=,0.54,0.543350869," (2(2) = 1.22,
p = .54",FALSE,FALSE,FALSE,FALSE,1
44-1512-1-PB,Chi2,1,NA,=,8.3,=,0.004,0.003964508," (2(1) = 8.3, p = .004",FALSE,FALSE,FALSE,FALSE,1
44-1512-1-PB,Chi2,1,NA,=,0.4,=,0.53,0.527089257,"
(2(1) = .4, p = .53",FALSE,FALSE,FALSE,FALSE,1
44-1512-1-PB,Chi2,1,NA,=,1.5,=,0.21,0.220671362," (2(1) = 1.5, p = .21",FALSE,FALSE,FALSE,FALSE,1
44-1512-1-PB,Chi2,1,NA,=,1.2,=,0.27,0.273321678,"
(2(1) = 1.2, p = .27",FALSE,FALSE,FALSE,FALSE,1
44-1512-1-PB,Chi2,1,NA,=,0,=,0.96,1," (2(1) = 0, p = .96",FALSE,FALSE,FALSE,FALSE,1
44-1512-1-PB,Chi2,1,NA,=,2.79,=,0.09,0.094854227," (2(1) = 2.79, p = .09",FALSE,FALSE,FALSE,FALSE,1
44-1512-1-PB,Chi2,2,NA,=,6.2,=,0.04,0.045049202," (2(2) = 6.2, p = .04",FALSE,FALSE,FALSE,FALSE,1
44-1512-1-PB,Chi2,2,NA,=,1.6,=,0.44,0.449328964," 2(2) = 1.6, p = .44",FALSE,FALSE,FALSE,FALSE,1
44-1512-1-PB,Chi2,4,NA,=,7.2,=,0.13,0.125689123," 2(4) = 7.2, p = .13",FALSE,FALSE,FALSE,FALSE,1
48-795-1-PB,Chi2,2,NA,=,368.2,<,0.001,1.11E-80," 2 (2)= 368.2, p < 0.001",FALSE,FALSE,FALSE,FALSE,0.63
48-795-1-PB,Chi2,3,NA,=,1627.3,<,0.001,0," 2 (3)=
1627.3, p < 0.001",FALSE,FALSE,FALSE,FALSE,0.63
48-795-1-PB,Chi2,1,NA,=,0.48,ns,NA,0.488422317,"(2 (1)=0.48, ns",FALSE,FALSE,FALSE,FALSE,0.63
48-795-1-PB,Chi2,2,NA,=,506.52,<,0.001,1.02E-110,"(2 (2) = 506.52, p < 0.001",FALSE,FALSE,FALSE,FALSE,0.63
48-795-1-PB,Chi2,2,NA,=,630.55,<,0.001,1.20E-137,"(2 (2) = 630.55, p < 0.001",FALSE,FALSE,FALSE,FALSE,0.63
48-795-1-PB,Chi2,3,NA,=,102.44,<,0.001,4.64E-22,"(2
(3)=102.44, p < 0.001",FALSE,FALSE,FALSE,FALSE,0.63
48-795-1-PB,Chi2,3,NA,=,84.47,<,0.001,3.37E-18," 2 (3)=84.47, p < 0.001",FALSE,FALSE,FALSE,FALSE,0.63
48-795-1-PB,Chi2,6,NA,=,12.45,ns,NA,0.052650632,"(2 (6) = 12.45, ns",FALSE,FALSE,FALSE,FALSE,0.63
48-795-1-PB,Chi2,6,NA,=,10.92,ns,NA,0.090880621," 2
(6)=10.92, ns",FALSE,FALSE,FALSE,FALSE,0.63
48-795-1-PB,Chi2,8,NA,=,113.63,<,0.001,6.82E-21," 2 (8)=113.63, p < 0.001",FALSE,FALSE,FALSE,FALSE,0.63
48-795-1-PB,Chi2,12,NA,=,132.5,<,0.001,1.94E-22," 2 (12)=132.5, p < 0.001",FALSE,FALSE,FALSE,FALSE,0.63
48-795-1-PB,Chi2,6,NA,=,12.76,<,0.05,0.047009489,"
2 (6) = 12.76, p < 0.05",FALSE,FALSE,FALSE,FALSE,0.63
48-795-1-PB,Chi2,6,NA,=,88.05,<,0.001,7.70E-17," 2 (6) = 88.05, p < 0.001",FALSE,FALSE,FALSE,FALSE,0.63
48-795-1-PB,Chi2,12,NA,=,17.44,ns,NA,0.133782042,"(2 (12) = 17.44, ns",FALSE,FALSE,FALSE,FALSE,0.63
48-795-1-PB,Chi2,2,NA,=,31.49,<,0.001,1.45E-07," 2 (2)=31.49,
p < 0.001",FALSE,FALSE,FALSE,FALSE,0.63
48-795-1-PB,Chi2,2,NA,=,15.71,<,0.01,0.000387808," 2 (2) = 15.71, p < 0.01",FALSE,FALSE,FALSE,FALSE,0.63
48-795-1-PB,Chi2,2,NA,=,315.17,<,0.001,3.65E-69," 2 (2) = 315.17,
p < 0.001",FALSE,FALSE,FALSE,FALSE,0.63
48-795-1-PB,Chi2,3,NA,=,37.66,<,0.001,3.34E-08," 2 (3)=37.66, p < 0.001",FALSE,FALSE,FALSE,FALSE,0.63
48-795-1-PB,Chi2,2,NA,=,25.48,<,0.001,2.93E-06," 2 (2)=25.48,
p < 0.001",FALSE,FALSE,FALSE,FALSE,0.63
48-795-1-PB,Chi2,3,NA,=,10.51,<,0.05,0.014693215," 2 (3) = 10.51, p < 0.05",FALSE,FALSE,FALSE,FALSE,0.63
48-795-1-PB,Chi2,6,NA,=,21.33,<,0.01,0.00160018,"(2 (6)=21.33, p < 0.01",FALSE,FALSE,FALSE,FALSE,0.63
48-795-1-PB,Chi2,6,NA,=,21.28,<,0.01,0.001633715,"(2 (6)=21.28, p < 0.01",FALSE,FALSE,FALSE,FALSE,0.63
48-795-1-PB,Chi2,2,NA,=,30.67,<,0.001,2.19E-07,"(2 (2)=30.67, p < 0.001",FALSE,FALSE,FALSE,FALSE,0.63
48-795-1-PB,Chi2,2,NA,=,222.31,<,0.001,5.32E-49,"(2
(2)=222.31, p < 0.001",FALSE,FALSE,FALSE,FALSE,0.63
48-795-1-PB,Chi2,3,NA,=,25.69,<,0.001,1.11E-05,"(2 (3)=25.69, p < 0.001",FALSE,FALSE,FALSE,FALSE,0.63
48-795-1-PB,Chi2,6,NA,=,37.13,<,0.001,1.66E-06,"(2 (6)=37.13, p < 0.001",FALSE,FALSE,FALSE,FALSE,0.63
48-795-1-PB,Chi2,2,NA,=,6.14,<,0.05,0.046421155,"(2 (2)=6.14, p < 0.05",FALSE,FALSE,FALSE,FALSE,0.63
48-795-1-PB,Chi2,2,NA,=,396.95,<,0.001,6.36E-87,"(2 (2) = 396.95,
p < 0.001",FALSE,FALSE,FALSE,FALSE,0.63
48-795-1-PB,Chi2,2,NA,=,13.44,<,0.01,0.001206538,"(2 (2)=13.44,
p < 0.01",FALSE,FALSE,FALSE,FALSE,0.63
48-795-1-PB,Chi2,2,NA,=,160.49,<,0.001,1.41E-35,"(2 (2)=160.49, p < 0.001",FALSE,FALSE,FALSE,FALSE,0.63
48-795-1-PB,Chi2,2,NA,=,157.05,<,0.001,7.89E-35,"(2 (2)=157.05, p < 0.001",FALSE,FALSE,FALSE,FALSE,0.63
49-592-2-PB,Chi2,1,NA,=,5.7,=,0.02,0.016964913," 2(1) = 5.7, p = .02",FALSE,FALSE,FALSE,FALSE,0.72
49-592-2-PB,Chi2,1,NA,=,100.7,<,0.001,1.07E-23," 2(1) = 100.7, p < .001",FALSE,FALSE,FALSE,FALSE,0.72
49-592-2-PB,Chi2,1,NA,=,4.2,=,0.04,0.040423979," 2(1) = 4.2, p = .04",FALSE,FALSE,FALSE,FALSE,0.72
49-592-2-PB,Chi2,1,NA,=,2.89,=,0.09,0.089130926," 2(1)
= 2.89, p = .09",FALSE,FALSE,FALSE,FALSE,0.72
49-592-2-PB,Chi2,1,NA,=,3.8,=,0.05,0.051252583," 2(1) = 3.8, p = .05",FALSE,FALSE,FALSE,FALSE,0.72
49-592-2-PB,Chi2,1,NA,=,26,<,0.001,3.41E-07," (2(1) = 26.0, p < .001",FALSE,FALSE,FALSE,FALSE,0.72
49-592-2-PB,Chi2,1,NA,=,0.1,=,0.75,0.751829634," 2(1) = 0.10,
p = .75",FALSE,FALSE,FALSE,FALSE,0.72
49-592-2-PB,Chi2,1,NA,=,0.15,=,0.7,0.698535358," 2(1) = 0.15, p = .70",FALSE,FALSE,FALSE,FALSE,0.72
49-592-2-PB,Chi2,1,NA,=,59.7,<,0.001,1.10E-14," (2(1) = 59.7, p < .001",FALSE,FALSE,FALSE,FALSE,0.72
49-592-2-PB,Chi2,1,NA,=,7.5,<,0.007,0.006169899," [2(1) = 7.5, p < .007",FALSE,FALSE,FALSE,FALSE,0.72
49-592-2-PB,Chi2,1,NA,=,22.5,<,0.001,2.10E-06," 2(1) = 22.5, p < 0.001",FALSE,FALSE,FALSE,FALSE,0.72
49-592-2-PB,Chi2,1,NA,=,4.6,=,0.03,0.031971956," 2(1) = 4.6, p =
0.03",FALSE,FALSE,FALSE,FALSE,0.72
49-592-2-PB,Chi2,1,NA,=,1.8,=,0.18,0.179712495," 2(1) = 1.8, p = .18",FALSE,FALSE,FALSE,FALSE,0.72
49-592-2-PB,Chi2,1,NA,=,16.4,<,0.001,5.13E-05," (2(1) = 16.4, p < .001",FALSE,FALSE,FALSE,FALSE,0.72
49-592-2-PB,Chi2,1,NA,=,4.1,=,0.04,0.042883214," 2(1) = 4.1, p = .04",FALSE,FALSE,FALSE,FALSE,0.72
49-592-2-PB,Chi2,1,NA,=,0.47,=,0.49,0.492987169," 2(1) = 0.47, p =
.49",FALSE,FALSE,FALSE,FALSE,0.72
49-592-2-PB,Chi2,1,NA,=,1.6,=,0.21,0.205903211," 2(1) = 1.6, p = .21",FALSE,FALSE,FALSE,FALSE,0.72
49-592-2-PB,Chi2,1,NA,=,0.8,=,0.38,0.37109337," 2(1)
= 0.8, p = 0.38",FALSE,FALSE,FALSE,FALSE,0.72
49-592-2-PB,Chi2,1,NA,=,2.6,=,0.11,0.106863715," 2(1) = 2.6, p = .11",FALSE,FALSE,FALSE,FALSE,0.72
49-592-2-PB,Chi2,1,NA,=,8.3,=,0.004,0.003964508," 2(1) = 8.3, p = .004",FALSE,FALSE,FALSE,FALSE,0.72
49-592-2-PB,Chi2,1,NA,=,1.41,=,0.24,0.235056393," 2(1) = 1.41, p = .24",FALSE,FALSE,FALSE,FALSE,0.72
49-592-2-PB,Chi2,1,NA,=,0.83,=,0.36,0.362272529," 2(1) = .83, p = .36",FALSE,FALSE,FALSE,FALSE,0.72
49-592-2-PB,Chi2,1,NA,=,0.01,=,0.93,0.920344325," 2(1) = .01, p = .93",FALSE,FALSE,FALSE,FALSE,0.72
49-592-2-PB,Chi2,1,NA,=,8.28,=,0.004,0.004008413," (2(1) = 8.28, p = .004",FALSE,FALSE,FALSE,FALSE,0.72
49-592-2-PB,Chi2,1,NA,=,27.6,<,0.001,1.49E-07,"
2(1) = 27.6, p < .001",FALSE,FALSE,FALSE,FALSE,0.72
49-592-2-PB,Chi2,1,NA,=,1.67,=,0.2,0.196258534," (2(1) = 1.67, p = .20",FALSE,FALSE,FALSE,FALSE,0.72
52-637-1-PB,F,3,4009,=,603.1,<,0.001,1.97626258336499e-323,"F(3,4009) =
603.1, p < 0.001",FALSE,FALSE,FALSE,FALSE,0.09
52-637-1-PB,F,4,4009,=,200,<,0.001,1.35E-156,"F(4,4009) = 200.0, p < 0.001",FALSE,FALSE,FALSE,FALSE,0.09
52-637-1-PB,F,8,3359,=,43.3,<,0.001,1.70E-66,"F(8,3359) = 43.3, p < 0.001",FALSE,FALSE,FALSE,FALSE,0.09
53-1839-1-PB,t,NA,169.1,=,2.67,=,0.008,0.008325057,"t(169.1)
= 2.67, p = .008",FALSE,FALSE,FALSE,FALSE,0.18
53-1839-1-PB,t,NA,90.1,=,3.49,<,0.001,0.000749752,"t(90.1) = 3.49, p < .001",FALSE,FALSE,FALSE,FALSE,0.18
53-1839-1-PB,t,NA,59.5,=,1.36,=,0.179,0.178960915,"t(59.5) = 1.36, p = .179",FALSE,FALSE,FALSE,FALSE,0.18
57-2029-1-PB,F,1,37,=,23.87,<,1.00E-04,2.01E-05,"F(1,37) = 23.87, p < 0.0001",FALSE,FALSE,FALSE,FALSE,0.59
57-2029-1-PB,F,1,37,=,42.01,<,1.00E-04,1.40E-07,"F(1,37) = 42.01, p < 0.0001",FALSE,FALSE,FALSE,FALSE,0.59
57-2029-1-PB,F,1,37,=,13.04,<,0.001,0.000899228,"F(1,37) = 13.04, p < 0.001",FALSE,FALSE,FALSE,FALSE,0.59
57-2029-1-PB,F,1,37,=,8.01,<,0.01,0.007475293,"F(1,37) = 8.01, p < 0.01",FALSE,FALSE,FALSE,FALSE,0.59
57-2029-1-PB,F,1,37,=,6.48,=,0.015,0.015208766,"F(1,37) = 6.48,
p= 0.015",FALSE,FALSE,FALSE,FALSE,0.59
57-2029-1-PB,F,5,185,=,15.36,<,1.00E-04,1.27E-12,"F(5,185)
= 15.36, p < 0.0001",FALSE,FALSE,FALSE,FALSE,0.59
57-2029-1-PB,F,0.66,24.4,=,68.68,<,1.00E-04,2.43E-07,"F(0.66,24.4) = 68.68, p < 0.0001",FALSE,FALSE,FALSE,FALSE,0.59
57-2029-1-PB,F,1.32,48.8,=,8.64,<,0.01,0.002452248,"F(1.32,48.8) = 8.64, p < 0.01",FALSE,FALSE,FALSE,FALSE,0.59
57-2029-1-PB,F,2,74,=,6.24,<,0.01,0.003131075,"F(2,74) = 6.24, p < 0.01",FALSE,FALSE,FALSE,FALSE,0.59
57-2029-1-PB,F,2,74,=,4.64,<,0.05,0.012634764,"F(2,74) = 4.64, p < 0.05",FALSE,FALSE,FALSE,FALSE,0.59
57-2029-1-PB,F,2,74,=,43.75,<,1.00E-04,2.88E-13,"F(2,74) = 43.75, p < 0.0001",FALSE,FALSE,FALSE,FALSE,0.59
57-2029-1-PB,F,2,74,=,4.19,=,0.02,0.018887196,"F(2,74) = 4.19, p = 0.02",FALSE,FALSE,FALSE,FALSE,0.59
57-2029-1-PB,F,3.42,126.54,=,87.4,<,1.00E-04,7.90E-33,"F(3.42,126.54) = 87.4, p < 0.0001",FALSE,FALSE,FALSE,FALSE,0.59
59-713-2-PB,Chi2,1,NA,=,25.34,<,0.001,4.81E-07," 2(1)= 25.34, p < .001",FALSE,FALSE,FALSE,FALSE,0.75
59-713-2-PB,Chi2,1,NA,=,8.21,<,0.01,0.004166015," 2(1) = 8.21, p < 0.01",FALSE,FALSE,FALSE,FALSE,0.75
59-713-2-PB,Chi2,1,NA,<,2,<,0.05,0.157299207," 2(1) < 2, p < 0.05",FALSE,FALSE,FALSE,FALSE,0.75
65-2058-1-PB,Z,NA,NA,=,-0.616,=,0.53,0.53789452,"Z = -0.616,
p = 0.53",TRUE,FALSE,FALSE,FALSE,0.17
65-2058-1-PB,Z,NA,NA,=,8.71,<,0.001,3.04E-18,"Z = 8.71, p < .001",FALSE,FALSE,FALSE,FALSE,0.17
66-2022-1-PB,t,NA,1329,=,6.362,<,0.001,2.73E-10,"t(1329) = 6.362, p < 0.001",FALSE,FALSE,FALSE,FALSE,0.67
66-2022-1-PB,t,NA,1042,=,-6.109,<,0.001,1.41E-09,"t(1042) = -6.109, p < 0.001",FALSE,FALSE,FALSE,FALSE,0.67
66-2022-1-PB,Chi2,1,NA,=,7.65,=,0.005,0.005677232,"
2(1) = 7.650, p = .005",TRUE,FALSE,TRUE,FALSE,0.67
66-2022-1-PB,Chi2,1,NA,=,20.12,<,0.001,7.27E-06," 2(1) = 20.12, p < 0.001",FALSE,FALSE,FALSE,FALSE,0.67
66-2022-1-PB,Z,NA,NA,=,0.62,=,0.54,0.535257787,"Z = 0.62, p = 0.54",FALSE,FALSE,FALSE,FALSE,0.67
66-2022-1-PB,Z,NA,NA,=,5.343,<,0.001,9.14E-08,"Z = 5.343, p < 0.001",FALSE,FALSE,FALSE,FALSE,0.67
66-2022-1-PB,Z,NA,NA,=,6.636,<,0.001,3.22E-11,"Z = 6.636, p < 0.001",FALSE,FALSE,FALSE,FALSE,0.67
66-2022-1-PB,Z,NA,NA,=,6.566,<,0.001,5.17E-11,"Z = 6.566, p < 0.001",FALSE,FALSE,FALSE,FALSE,0.67
75-898-1-PB,F,2,31,=,23.3485,<,1.00E-04,6.53E-07,"F(2,31)=23.3485, p < 0.0001",FALSE,FALSE,FALSE,FALSE,0.28
75-898-1-PB,F,2,31,=,4.5335,=,0.0187,0.018746079,"F(2,31)=4.5335, p =0.0187",FALSE,FALSE,FALSE,FALSE,0.28
75-898-1-PB,F,2,31,=,5.6358,=,0.0082,0.008172438,"F(2,31)=5.6358, p= 0.0082",FALSE,FALSE,FALSE,FALSE,0.28
75-898-1-PB,F,2,24,=,3.6096,=,0.0426,0.042606284,"F(2,24)=3.6096, p =0.0426",FALSE,FALSE,FALSE,FALSE,0.28
75-898-1-PB,F,2,31,=,5.3263,=,0.0103,0.010271963,"F(2,31)=5.3263, p =0.0103",FALSE,FALSE,FALSE,FALSE,0.28
75-898-1-PB,F,3,44,=,3.6245,=,0.0201,0.020119722,"F(3,44)=3.6245, p =0.0201",FALSE,FALSE,FALSE,FALSE,0.28
75-898-1-PB,F,3,44,=,20.2095,<,1.00E-04,2.20E-08,"F(3,44)=20.2095, p < 0.0001",FALSE,FALSE,FALSE,FALSE,0.28
75-898-1-PB,F,3,44,=,18.9008,<,1.00E-04,5.04E-08,"F(3,44)=18.9008, p < 0.0001",FALSE,FALSE,FALSE,FALSE,0.28
75-898-1-PB,F,3,44,=,10.0398,<,1.00E-04,3.68E-05,"F(3,44)=10.0398, p < 0.0001",FALSE,FALSE,FALSE,FALSE,0.28
75-898-1-PB,F,3,44,=,8.0968,=,2.00E-04,0.000210258,"F(3,44)=8.0968, p =0.0002",FALSE,FALSE,FALSE,FALSE,0.28
75-898-1-PB,F,3,44,=,6.9983,=,6.00E-04,0.000598136,"F(3,44)=6.9983, p =0.0006",FALSE,FALSE,FALSE,FALSE,0.28
75-898-1-PB,F,3,44,=,4.4559,=,0.0081,0.008095711,"F(3,44)=4.4559, p= 0.0081",FALSE,FALSE,FALSE,FALSE,0.28
75-898-1-PB,F,2,60,=,9.2728,=,3.00E-04,0.000309658,"F(2,60)=9.2728, p= 0.0003",FALSE,FALSE,FALSE,FALSE,0.28
75-898-1-PB,F,2,60,=,3.262,=,0.0452,0.045205041,"F(2,60)=3.2620, p= 0.0452",FALSE,FALSE,FALSE,FALSE,0.28
75-898-1-PB,F,2,60,=,4.2851,=,0.0182,0.018216923,"F(2,60)=4.2851, p =0.0182",FALSE,FALSE,FALSE,FALSE,0.28
75-898-1-PB,F,2,59,=,15.0459,<,1.00E-04,5.25E-06,"F(2,59)=15.0459, p < 0.0001",FALSE,FALSE,FALSE,FALSE,0.28
75-898-1-PB,F,2,59,=,4.8671,=,0.0111,0.011054378,"F(2,59)=4.8671, p =0.0111",FALSE,FALSE,FALSE,FALSE,0.28
75-898-1-PB,F,2,59,=,10.5402,=,1.00E-04,0.00012193,"F(2,59)=10.5402, p =0.0001",FALSE,FALSE,FALSE,FALSE,0.28
75-898-1-PB,F,2,59,=,13.4276,<,1.00E-04,1.56E-05,"F(2,59)=13.4276, p < 0.0001",FALSE,FALSE,FALSE,FALSE,0.28
75-898-1-PB,F,2,59,=,11.8749,<,1.00E-04,4.63E-05,"F(2,59)=11.8749, p < 0.0001",FALSE,FALSE,FALSE,FALSE,0.28
75-898-1-PB,F,2,59,=,3.5046,=,0.0365,0.036458811,"F(2,59)=3.5046, p =0.0365",FALSE,FALSE,FALSE,FALSE,0.28
75-898-1-PB,F,2,69,=,3.7224,=,0.0292,0.029160126,"F(2,69)=3.7224, p =0.0292",FALSE,FALSE,FALSE,FALSE,0.28
75-898-1-PB,F,2,69,=,7.2415,=,0.0014,0.001396886,"F(2,69)= 7.2415, p =0.0014",FALSE,FALSE,FALSE,FALSE,0.28
75-898-1-PB,F,2,69,=,154.437,<,1.00E-04,3.33E-26,"F(2,69)= 154.4370, p < 0.0001",FALSE,FALSE,FALSE,FALSE,0.28
75-898-1-PB,F,1,46,=,129.324,<,1.00E-04,5.84E-15,"F(1,46)=129.3240, p < 0.0001",FALSE,FALSE,FALSE,FALSE,0.28
8-1234-1-PB,Z,NA,NA,=,-10.81,<,0.001,3.09E-27,"
Z = -10.81, p < 0.001",FALSE,FALSE,FALSE,FALSE,0.05
8-1234-1-PB,Z,NA,NA,=,7.429,<,1.10E-13,1.09E-13,"Z = 7.429, p < 1.10e-13",FALSE,FALSE,FALSE,FALSE,0.05
83-3250-1-PB,F,1,18,=,0.503,=,0.487,0.487270545,"F(1, 18) = 0.503, p = 0.487",FALSE,FALSE,FALSE,FALSE,0.92
83-3250-1-PB,t,NA,45.35,=,-3.248,=,0.0022,0.00219058,"t(45.35) = -3.248, p = 0.0022",FALSE,FALSE,FALSE,FALSE,0.92
83-3250-1-PB,t,NA,45.27,=,0.495,=,0.6228,0.622994206,"t(45.27) = 0.495, p = 0.6228",FALSE,FALSE,FALSE,FALSE,0.92
83-3250-1-PB,t,NA,108.05,=,4.382,<,1.00E-04,2.73E-05,"t(108.05) = 4.382, p < 0.0001",FALSE,FALSE,FALSE,FALSE,0.92
83-3250-1-PB,t,NA,117.69,=,2.204,=,0.0746,0.029470235,"t(117.69) = 2.204, p = 0.0746",TRUE,TRUE,FALSE,FALSE,0.92
83-3250-1-PB,t,NA,3068,=,-7.635,<,1.00E-04,3.00E-14,"t(3068.0) = -7.635, p < 0.0001",FALSE,FALSE,FALSE,FALSE,0.92
83-3250-1-PB,t,NA,24.89,=,-2.97,=,0.0065,0.00650714,"t(24.89) = -2.970, p = 0.0065",FALSE,FALSE,FALSE,FALSE,0.92
83-3250-1-PB,t,NA,24.92,=,-2.783,=,0.0112,0.010121618,"t(24.92) = -2.783,
p = 0.0112",TRUE,FALSE,TRUE,FALSE,0.92
83-3250-1-PB,t,NA,24.92,=,-4.615,=,1.00E-04,0.000101786,"t(24.92) = -4.615,
p = 0.0001",FALSE,FALSE,FALSE,FALSE,0.92
83-3250-1-PB,t,NA,24.95,=,-5.468,<,1.00E-04,1.12E-05,"t(24.95) = -5.468, p < 0.0001",FALSE,FALSE,FALSE,FALSE,0.92
83-3250-1-PB,t,NA,28.14,=,-2.2,=,0.0362,0.036182352,"t(28.14) = -2.200, p = 0.0362",FALSE,FALSE,FALSE,FALSE,0.92
83-3250-1-PB,t,NA,28.05,=,-4.546,=,1.00E-04,9.55E-05,"t(28.05) = -4.546, p = 0.0001",FALSE,FALSE,FALSE,FALSE,0.92
83-3250-1-PB,t,NA,21.3,=,-2.234,=,0.0368,0.036326302,"t(21.3) = -2.234,
p = 0.0368",TRUE,FALSE,FALSE,FALSE,0.92
83-3250-1-PB,t,NA,20,=,-2.386,=,0.0271,0.02703317,"t(20.0) = -2.386, p = 0.0271",FALSE,FALSE,FALSE,FALSE,0.92
83-3250-1-PB,t,NA,23,=,0.949,=,0.3525,0.352486405,"t(23.0) = 0.949, p = 0.3525",FALSE,FALSE,FALSE,FALSE,0.92
83-3250-1-PB,t,NA,31.2,=,1.824,=,0.0777,0.07774368,"t(31.2) = 1.824, p = 0.0777",FALSE,FALSE,FALSE,FALSE,0.92
83-3250-1-PB,t,NA,59.78,=,-9.728,<,1.00E-04,6.24E-14,"t(59.78) = -9.728, p < 0.0001",FALSE,FALSE,FALSE,FALSE,0.92
83-3250-1-PB,t,NA,171.44,=,-5.194,<,1.00E-04,5.79E-07,"t(171.44)
= -5.194, p < 0.0001",FALSE,FALSE,FALSE,FALSE,0.92
83-3250-1-PB,t,NA,2064,=,-3.434,=,6.00E-04,0.00060649,"t(2064) = -3.434,
p = 0.0006",FALSE,FALSE,FALSE,FALSE,0.92
83-3250-1-PB,t,NA,21.25,=,8.391,<,1.00E-04,3.47E-08,"t(21.25) = 8.391, p < 0.0001",FALSE,FALSE,FALSE,FALSE,0.92
83-3250-1-PB,t,NA,21.24,=,-0.29,=,0.7746,0.77462851,"t(21.24) = -0.290,
p = 0.7746",FALSE,FALSE,FALSE,FALSE,0.92
83-3250-1-PB,t,NA,21.25,=,0.088,=,0.9309,0.930700717,"t(21.25) = 0.088, p = 0.9309",FALSE,FALSE,FALSE,FALSE,0.92
92-1055-1-PB,Chi2,1,NA,=,43.47,<,1.00E-04,4.31E-11," (2(1) = 43.47, p < 0.0001",FALSE,FALSE,FALSE,FALSE,0.54
92-1055-1-PB,Chi2,1,NA,=,16.52,<,1.00E-04,4.81E-05," (2(1)=16.52,
p<0.0001",FALSE,FALSE,FALSE,FALSE,0.54
92-1055-1-PB,Chi2,1,NA,=,4.31,<,0.05,0.037888962," (2(1)=4.31, p<0.05",FALSE,FALSE,FALSE,FALSE,0.54
92-1055-1-PB,Chi2,1,NA,=,11.61,<,0.001,0.000655982," (2(1)=11.61, p<0.001",FALSE,FALSE,FALSE,FALSE,0.54
92-1055-1-PB,Chi2,1,NA,=,46.46,<,1.00E-04,9.35E-12," (2(1)=46.46, p<0.0001",FALSE,FALSE,FALSE,FALSE,0.54
92-1055-1-PB,Chi2,1,NA,=,21.82,<,1.00E-04,2.99E-06," 2(1) = 21.82, p < 0.0001",FALSE,FALSE,FALSE,FALSE,0.54
92-1055-1-PB,Chi2,1,NA,=,8.79,<,0.005,0.003028862," (2(1)=8.79,
p<0.005",FALSE,FALSE,FALSE,FALSE,0.54
93-2104-1-PB,Chi2,2,NA,=,0.45,=,0.8,0.798516219," 2(2) = 0.45, p = 0.80",FALSE,FALSE,FALSE,FALSE,0.62
93-2104-1-PB,Chi2,2,NA,=,0.098,=,0.95,0.95218113,"
2(2) = 0.098, p = 0.95",FALSE,FALSE,FALSE,FALSE,0.62
93-2104-1-PB,Chi2,2,NA,=,29.47,<,0.001,3.99E-07," 2(2) = 29.47, p < 0.001",FALSE,FALSE,FALSE,FALSE,0.62
93-2104-1-PB,Chi2,1,NA,=,13.13,<,0.001,0.000290605," 2(1) = 13.13, p < 0.001",FALSE,FALSE,FALSE,FALSE,0.62
93-2104-1-PB,Chi2,1,NA,=,7.13,=,0.008,0.007580473," 2(1) = 7.13, p = 0.008",FALSE,FALSE,FALSE,FALSE,0.62
93-2104-1-PB,Z,NA,NA,=,-0.67,=,0.5,0.50285779,"
Z = -0.67, p = 0.50",FALSE,FALSE,FALSE,FALSE,0.62
93-2104-1-PB,Z,NA,NA,=,-0.69,=,0.49,0.490194187,"
Z = -0.69, p = 0.49",FALSE,FALSE,FALSE,FALSE,0.62
93-2104-1-PB,Z,NA,NA,=,-0.7,=,0.94,0.483927304,"Z = -0.70, p = 0.94",TRUE,FALSE,FALSE,FALSE,0.62
93-2104-1-PB,Z,NA,NA,=,-0.91,=,0.36,0.36282251,"Z = -0.91, p = 0.36",FALSE,FALSE,FALSE,FALSE,0.62
93-2104-1-PB,Z,NA,NA,=,-1.59,=,0.11,0.111834805,"Z = -1.59, p = 0.11",FALSE,FALSE,FALSE,FALSE,0.62
93-2104-1-PB,Z,NA,NA,=,-1.86,=,0.06,0.062885526,"Z = -1.86, p = 0.06",FALSE,FALSE,FALSE,FALSE,0.62
93-2104-1-PB,Chi2,1,NA,=,3.4,=,0.06,0.065196419," 2(1) = 3.40, p = 0.06",FALSE,FALSE,FALSE,FALSE,0.62
93-2104-1-PB,Chi2,1,NA,=,21.94,<,0.001,2.81E-06," 2(1)
= 21.94, p < 0.001",FALSE,FALSE,FALSE,FALSE,0.62
93-2104-1-PB,Chi2,1,NA,=,11.86,<,0.001,0.000573525," 2(1)
= 11.86, p < 0.001",FALSE,FALSE,FALSE,FALSE,0.62
93-2104-1-PB,Chi2,1,NA,=,4.53,=,0.03,0.033305618," 2(1) = 4.53, p = 0.03",FALSE,FALSE,FALSE,FALSE,0.62
94-1129-1-PB,F,1,224,=,28.1,<,0.00017,2.76E-07,"F (1, 224) = 28.1, p < 0.00017",FALSE,FALSE,FALSE,FALSE,0.4
94-1129-1-PB,F,1,94,=,24.2,<,0.00017,3.69E-06,"F (1, 94) = 24.2, p < 0.00017",FALSE,FALSE,FALSE,FALSE,0.4
94-1129-1-PB,F,1,226,=,48,<,0.00017,4.39E-11,"F (1, 226) = 48.0, p < 0.00017",FALSE,FALSE,FALSE,FALSE,0.4
94-1129-1-PB,F,1,226,=,7.7,=,0.0059,0.005984225,"F (1, 226) = 7.7, p = 0.0059",FALSE,FALSE,FALSE,FALSE,0.4
96-1161-1-PB,Chi2,9,NA,=,147.5,<,1.00E-04,2.90E-27,"(2 (9) = 147.5, p < 0.0001",FALSE,FALSE,FALSE,TRUE,0.26
96-1161-1-PB,Chi2,12,NA,=,103.1,<,1.00E-04,1.37E-16,"(2 (12) = 103.1, p < 0.0001",FALSE,FALSE,FALSE,TRUE,0.26
96-1161-1-PB,Chi2,12,NA,=,21,=,0.051,0.050380451,"(2 (12) = 21.0, p = 0.051",FALSE,FALSE,FALSE,TRUE,0.26
96-1161-1-PB,Chi2,8,NA,=,24.9,=,0.0016,0.00161638,"(2 (8) = 24.9, p = 0.0016",FALSE,FALSE,FALSE,TRUE,0.26
96-1161-1-PB,Chi2,4,NA,=,15.9,=,0.0032,0.003156326,"(2 (4) = 15.9, p = 0.0032",FALSE,FALSE,FALSE,TRUE,0.26
96-1161-1-PB,Chi2,4,NA,=,12.7,=,0.012,0.012838591,"(2 (4) = 12.7,
p = 0.012",TRUE,FALSE,TRUE,TRUE,0.26
97-2834-1-PB,Z,NA,NA,=,-4.604,<,0.001,4.14E-06,"Z= -4.604, p < 0.001",FALSE,FALSE,FALSE,FALSE,0.13
97-2834-1-PB,Z,NA,NA,=,13.374,<,0.001,8.58E-41,"Z = 13.374, p < 0.001",FALSE,FALSE,FALSE,FALSE,0.13
97-2834-1-PB,Z,NA,NA,=,-4.396,<,0.001,1.10E-05,"Z = -4.396,
p<0.001",FALSE,FALSE,FALSE,FALSE,0.13
97-2834-1-PB,Z,NA,NA,=,2.958,<,0.01,0.003096421,"Z = 2.958, p < 0.01",FALSE,FALSE,FALSE,FALSE,0.13
97-2834-1-PB,Z,NA,NA,=,-3.385,<,0.001,0.000711783,"Z = -3.385, p<0.001",FALSE,FALSE,FALSE,FALSE,0.13
99-1653-1-PB,Chi2,1,NA,=,36.512,<,0.001,1.52E-09," 2(1) = 36.512, p < 0.001",FALSE,FALSE,FALSE,FALSE,0.5
99-1653-1-PB,Chi2,1,NA,=,6.472,=,0.011,0.010958714," 2(1) = 6.472,
p = 0.011",FALSE,FALSE,FALSE,FALSE,0.5
99-1653-1-PB,Chi2,1,NA,=,9.852,=,0.002,0.001696472," 2(1) = 9.852, p = 0.002",FALSE,FALSE,FALSE,FALSE,0.5
99-1653-1-PB,Chi2,1,NA,=,16.86,<,0.001,4.02E-05," 2(1) = 16.86,
p<0.001",FALSE,FALSE,FALSE,FALSE,0.5