Source,Statistic,df1,df2,Test.Comparison,Value,Reported.Comparison,Reported.P.Value,Computed,Raw,Error,DecisionError,OneTail,OneTailedInTxt,APAfactor
A Kinematic Study of Prosodic Structure in Articulatory and Manual Gestures: Results from a Novel Method of Data Collection (2017),F,2,31,=,23.3485,<,1e-4,6.528905370239331e-7,"F(2,31) = 23.3485, p < 0.0001",FALSE,FALSE,FALSE,FALSE,0.28
A Kinematic Study of Prosodic Structure in Articulatory and Manual Gestures: Results from a Novel Method of Data Collection (2017),F,2,31,=,4.5335,=,0.0187,0.018746079347401835,"F(2,31) = 4.5335, p = 0.0187",FALSE,FALSE,FALSE,FALSE,0.28
A Kinematic Study of Prosodic Structure in Articulatory and Manual Gestures: Results from a Novel Method of Data Collection (2017),F,2,31,=,5.6358,=,0.0082,0.008172437639984341,"F(2,31) = 5.6358, p = 0.0082",FALSE,FALSE,FALSE,FALSE,0.28
A Kinematic Study of Prosodic Structure in Articulatory and Manual Gestures: Results from a Novel Method of Data Collection (2017),F,2,24,=,3.6096,=,0.0426,0.04260628430299887,"F(2,24) = 3.6096, p = 0.0426",FALSE,FALSE,FALSE,FALSE,0.28
A Kinematic Study of Prosodic Structure in Articulatory and Manual Gestures: Results from a Novel Method of Data Collection (2017),F,2,31,=,5.3263,=,0.0103,0.010271963341555444,"F(2,31) = 5.3263, p = 0.0103",FALSE,FALSE,FALSE,FALSE,0.28
A Kinematic Study of Prosodic Structure in Articulatory and Manual Gestures: Results from a Novel Method of Data Collection (2017),F,3,44,=,3.6245,=,0.0201,0.020119722062034662,"F(3,44) = 3.6245, p = 0.0201",FALSE,FALSE,FALSE,FALSE,0.28
A Kinematic Study of Prosodic Structure in Articulatory and Manual Gestures: Results from a Novel Method of Data Collection (2017),F,3,44,=,20.2095,<,1e-4,2.2020725192141103e-8,"F(3,44) = 20.2095, p < 0.0001",FALSE,FALSE,FALSE,FALSE,0.28
A Kinematic Study of Prosodic Structure in Articulatory and Manual Gestures: Results from a Novel Method of Data Collection (2017),F,3,44,=,18.9008,<,1e-4,5.0405292581670185e-8,"F(3,44) = 18.9008, p < 0.0001",FALSE,FALSE,FALSE,FALSE,0.28
A Kinematic Study of Prosodic Structure in Articulatory and Manual Gestures: Results from a Novel Method of Data Collection (2017),F,3,44,=,10.0398,<,1e-4,3.681928894705278e-5,"F(3,44) = 10.0398, p < 0.0001",FALSE,FALSE,FALSE,FALSE,0.28
A Kinematic Study of Prosodic Structure in Articulatory and Manual Gestures: Results from a Novel Method of Data Collection (2017),F,3,44,=,8.0968,=,2e-4,2.102583077147382e-4,"F(3,44) = 8.0968, p = 0.0002",FALSE,FALSE,FALSE,FALSE,0.28
A Kinematic Study of Prosodic Structure in Articulatory and Manual Gestures: Results from a Novel Method of Data Collection (2017),F,3,44,=,6.9983,=,6e-4,5.981361875763105e-4,"F(3,44) = 6.9983, p = 0.0006",FALSE,FALSE,FALSE,FALSE,0.28
A Kinematic Study of Prosodic Structure in Articulatory and Manual Gestures: Results from a Novel Method of Data Collection (2017),F,3,44,=,4.4559,=,0.0081,0.008095710706494527,"F(3,44) = 4.4559, p = 0.0081",FALSE,FALSE,FALSE,FALSE,0.28
A Kinematic Study of Prosodic Structure in Articulatory and Manual Gestures: Results from a Novel Method of Data Collection (2017),F,2,60,=,9.2728,=,3e-4,3.0965754365159116e-4,"F(2,60) = 9.2728, p = 0.0003",FALSE,FALSE,FALSE,FALSE,0.28
A Kinematic Study of Prosodic Structure in Articulatory and Manual Gestures: Results from a Novel Method of Data Collection (2017),F,2,60,=,3.262,=,0.0452,0.045205040739624315,"F(2,60) = 3.2620, p = 0.0452",FALSE,FALSE,FALSE,FALSE,0.28
A Kinematic Study of Prosodic Structure in Articulatory and Manual Gestures: Results from a Novel Method of Data Collection (2017),F,2,60,=,4.2851,=,0.0182,0.01821692314287467,"F(2,60) = 4.2851, p = 0.0182",FALSE,FALSE,FALSE,FALSE,0.28
A Kinematic Study of Prosodic Structure in Articulatory and Manual Gestures: Results from a Novel Method of Data Collection (2017),F,2,59,=,15.0459,<,1e-4,5.247122536716057e-6,"F(2,59) = 15.0459, p < 0.0001",FALSE,FALSE,FALSE,FALSE,0.28
A Kinematic Study of Prosodic Structure in Articulatory and Manual Gestures: Results from a Novel Method of Data Collection (2017),F,2,59,=,4.8671,=,0.0111,0.011054378143773236,"F(2,59) = 4.8671, p = 0.0111",FALSE,FALSE,FALSE,FALSE,0.28
A Kinematic Study of Prosodic Structure in Articulatory and Manual Gestures: Results from a Novel Method of Data Collection (2017),F,2,59,=,10.5402,=,1e-4,1.219299644727749e-4,"F(2,59) = 10.5402, p = 0.0001",FALSE,FALSE,FALSE,FALSE,0.28
A Kinematic Study of Prosodic Structure in Articulatory and Manual Gestures: Results from a Novel Method of Data Collection (2017),F,2,59,=,13.4276,<,1e-4,1.5632178953899424e-5,"F(2,59) = 13.4276, p < 0.0001",FALSE,FALSE,FALSE,FALSE,0.28
A Kinematic Study of Prosodic Structure in Articulatory and Manual Gestures: Results from a Novel Method of Data Collection (2017),F,2,59,=,11.8749,<,1e-4,4.6345677589636124e-5,"F(2,59) = 11.8749, p < 0.0001",FALSE,FALSE,FALSE,FALSE,0.28
A Kinematic Study of Prosodic Structure in Articulatory and Manual Gestures: Results from a Novel Method of Data Collection (2017),F,2,59,=,3.5046,=,0.0365,0.03645881071368219,"F(2,59) = 3.5046, p = 0.0365",FALSE,FALSE,FALSE,FALSE,0.28
A Kinematic Study of Prosodic Structure in Articulatory and Manual Gestures: Results from a Novel Method of Data Collection (2017),F,2,69,=,3.7224,=,0.0292,0.02916012612028311,"F(2,69) = 3.7224, p = 0.0292",FALSE,FALSE,FALSE,FALSE,0.28
A Kinematic Study of Prosodic Structure in Articulatory and Manual Gestures: Results from a Novel Method of Data Collection (2017),F,2,69,=,7.2415,=,0.0014,0.0013968861148581989,"F(2,69) = 7.2415, p = 0.0014",FALSE,FALSE,FALSE,FALSE,0.28
A Kinematic Study of Prosodic Structure in Articulatory and Manual Gestures: Results from a Novel Method of Data Collection (2017),F,2,69,=,154.437,<,1e-4,3.3252304988502094e-26,"F(2,69) = 154.4370, p < 0.0001",FALSE,FALSE,FALSE,FALSE,0.28
A Kinematic Study of Prosodic Structure in Articulatory and Manual Gestures: Results from a Novel Method of Data Collection (2017),F,1,46,=,129.324,<,1e-4,5.837104160337111e-15,"F(1,46) = 129.3240, p < 0.0001",FALSE,FALSE,FALSE,FALSE,0.28
A replicable acoustic measure of lenition and the nature of variability in Gurindji stops (2017),r,NA,581,=,0.68,=,0,2.4249870999628176e-80,"r(581) = 0.68, p = 0.000",TRUE,FALSE,FALSE,TRUE,0.14
Acoustic classification of focus: On the web and in the lab (2017),Z,NA,NA,=,-10.81,<,0.001,3.0867006863449237e-27,"Z = -10.81, p < 0.001",FALSE,FALSE,FALSE,FALSE,0.05
Acoustic classification of focus: On the web and in the lab (2017),Z,NA,NA,=,7.429,<,1.1e-13,1.0942174660381109e-13,"Z = 7.429, p < 1.10e-13",FALSE,FALSE,FALSE,FALSE,0.05
An acoustic study of vowel intrusion in Turkish onset clusters (2017),Chi2,3,NA,=,25.6,<,0.001,1.1565311497455471e-5,"χ2(3) = 25.6, p < 0.001",FALSE,FALSE,FALSE,FALSE,0.27
An acoustic study of vowel intrusion in Turkish onset clusters (2017),Chi2,3,NA,=,32.58,<,0.001,3.949325061490484e-7,"χ2(3) = 32.58, p < 0.001",FALSE,FALSE,FALSE,FALSE,0.27
An acoustic study of vowel intrusion in Turkish onset clusters (2017),Chi2,3,NA,=,16.12,<,0.005,0.0010715193723788714,"χ2(3) = 16.12, p < 0.005",FALSE,FALSE,FALSE,FALSE,0.27
An acoustic study of vowel intrusion in Turkish onset clusters (2017),Chi2,3,NA,=,20.16,<,0.001,1.5726287511034e-4,"χ2(3) = 20.16, p < 0.001",FALSE,FALSE,FALSE,FALSE,0.27
An acoustic study of vowel intrusion in Turkish onset clusters (2017),t,NA,462.03,=,1.34,=,0.18,0.1809039715462192,"t(462.03) = 1.34, p = 0.18",FALSE,FALSE,FALSE,FALSE,0.27
An acoustic study of vowel intrusion in Turkish onset clusters (2017),Chi2,3,NA,=,40.62,<,0.001,7.872474558459077e-9," χ2(3) = 40.62, p < 0.001",FALSE,FALSE,FALSE,FALSE,0.27
An acoustic study of vowel intrusion in Turkish onset clusters (2017),Chi2,3,NA,=,42.04,<,0.001,3.9344701415801095e-9," χ2(3) = 42.04, p < 0.001",FALSE,FALSE,FALSE,FALSE,0.27
An acoustic study of vowel intrusion in Turkish onset clusters (2017),Chi2,3,NA,=,12.2,<,0.01,0.0067285229304613675," χ2(3) = 12.2, p < 0.01",FALSE,FALSE,FALSE,FALSE,0.27
An acoustic study of vowel intrusion in Turkish onset clusters (2017),Chi2,3,NA,=,7.99,<,0.05,0.046218828266081535," χ2(3) = 7.99, p < 0.05",FALSE,FALSE,FALSE,FALSE,0.27
An acoustic study of vowel intrusion in Turkish onset clusters (2017),t,NA,472.82,=,0.34,>,0.5,0.7340075162440887,"t(472.82) = 0.34, p > 0.5",FALSE,FALSE,FALSE,FALSE,0.27
An acoustic study of vowel intrusion in Turkish onset clusters (2017),Chi2,3,NA,=,9.88,=,0.01962,0.019614210325715708,"χ2(3) = 9.88, p = 0.01962",FALSE,FALSE,FALSE,FALSE,0.27
An acoustic study of vowel intrusion in Turkish onset clusters (2017),Chi2,3,NA,=,2.84,=,0.42,0.41695746443392345,"χ2(3) = 2.84, p = 0.42",FALSE,FALSE,FALSE,FALSE,0.27
Automatic motion tracking of lips using digital video and OpenFace 2.0 (2017),t,NA,6,=,2.89,=,0.03,0.02769355777695578,"t(6) = 2.89, p = .03",FALSE,FALSE,FALSE,FALSE,1
Automatic motion tracking of lips using digital video and OpenFace 2.0 (2017),t,NA,5,=,13.88,<,0.001,3.4874023668758595e-5,"t(5) = 13.88, p < .001",FALSE,FALSE,FALSE,FALSE,1
Automatic motion tracking of lips using digital video and OpenFace 2.0 (2017),t,NA,6,=,2.4,=,0.055,0.05329487733183617,"t(6) = 2.40, p = .055",TRUE,FALSE,FALSE,FALSE,1
Automatic motion tracking of lips using digital video and OpenFace 2.0 (2017),F,1,5,=,9.3,=,0.03,0.02843761453941735,"F(1, 5) = 9.30, p = .03",FALSE,FALSE,FALSE,FALSE,1
Automatic motion tracking of lips using digital video and OpenFace 2.0 (2017),t,NA,5,=,3.23,=,0.07,0.023205830301249078,"t(5) = 3.23, p = .07",TRUE,TRUE,FALSE,FALSE,1
Automatic motion tracking of lips using digital video and OpenFace 2.0 (2017),t,NA,7,=,1.52,=,0.47,0.17231306754073367,"t(7) = 1.52, p = .47",TRUE,FALSE,FALSE,FALSE,1
Do social preferences matter in lexical retuning? (2017),F,2,1452,=,121.12,<,0.001,2.248866125100154e-49,"F(2, 1452) = 121.12, p < 0.001",FALSE,FALSE,FALSE,FALSE,0.74
Do social preferences matter in lexical retuning? (2017),F,1,1452,=,101.19,<,0.001,4.660736125855118e-23,"F(1, 1452) = 101.19, p < 0.001",FALSE,FALSE,FALSE,FALSE,0.74
Do social preferences matter in lexical retuning? (2017),F,2,1452,=,6.56,=,0.0012,0.00145821839527085,"F(2, 1452) = 6.56, p = 0.0012",TRUE,FALSE,TRUE,FALSE,0.74
Do social preferences matter in lexical retuning? (2017),t,NA,234,=,13.7,<,0.001,9.213362427141681e-32,"t(234) = 13.7, p < 0.001",FALSE,FALSE,FALSE,FALSE,0.74
Do social preferences matter in lexical retuning? (2017),t,NA,234,=,19.8,<,0.001,6.504651413152335e-52,"t(234) = 19.8, p < 0.001",FALSE,FALSE,FALSE,FALSE,0.74
Do social preferences matter in lexical retuning? (2017),t,NA,234,=,10.84,<,0.001,1.8853682559099233e-22,"t(234) = 10.84, p < 0.001",FALSE,FALSE,FALSE,FALSE,0.74
Do social preferences matter in lexical retuning? (2017),t,NA,250,=,18.02,<,0.001,4.32132389541815e-47,"t(250) = 18.02, p < 0.001",FALSE,FALSE,FALSE,FALSE,0.74
Do social preferences matter in lexical retuning? (2017),t,NA,250,=,13.67,<,0.001,3.8306873453483827e-32,"t(250) = 13.67, p < 0.001",FALSE,FALSE,FALSE,FALSE,0.74
Do social preferences matter in lexical retuning? (2017),t,NA,250,=,1.45,=,0.15,0.1483118913756546,"t(250) = 1.45, p = 0.15",FALSE,FALSE,FALSE,FALSE,0.74
Do social preferences matter in lexical retuning? (2017),F,4,738,=,492,<,0.001,1.6374993432890466e-206,"F(4, 738) = 492, p < 0.001",FALSE,FALSE,FALSE,FALSE,0.74
Do social preferences matter in lexical retuning? (2017),F,2,738,=,4.58,=,0.01,0.010548098019313822,"F(2, 738) = 4.58, p = 0.01",FALSE,FALSE,FALSE,FALSE,0.74
Do social preferences matter in lexical retuning? (2017),F,3,693,=,220.6,<,0.001,1.937171472487546e-100,"F(3, 693) = 220.6, p < 0.001",FALSE,FALSE,FALSE,FALSE,0.74
Do social preferences matter in lexical retuning? (2017),F,2,693,=,140.1,<,0.001,7.98064611436104e-52,"F(2, 693) = 140.1, p < 0.001",FALSE,FALSE,FALSE,FALSE,0.74
Do social preferences matter in lexical retuning? (2017),F,6,693,=,10.5,<,0.001,3.609971694881076e-11,"F(6, 693) = 10.5, p < 0.001",FALSE,FALSE,FALSE,FALSE,0.74
Do social preferences matter in lexical retuning? (2017),F,3,693,=,68.71,<,0.001,6.600775911297674e-39,"F(3, 693) = 68.71, p < 0.001",FALSE,FALSE,FALSE,FALSE,0.74
Do social preferences matter in lexical retuning? (2017),F,2,693,=,105.14,<,0.001,1.3231410243526058e-40,"F(2, 693) = 105.14, p < 0.001",FALSE,FALSE,FALSE,FALSE,0.74
Do social preferences matter in lexical retuning? (2017),F,6,693,=,35.52,<,0.001,1.5217618830665233e-37,"F(6, 693) = 35.52, p < 0.001",FALSE,FALSE,FALSE,FALSE,0.74
Do social preferences matter in lexical retuning? (2017),F,2,102,=,18.29,<,0.001,1.628847227612142e-7,"F(2, 102) = 18.29, p < 0.001",FALSE,FALSE,FALSE,FALSE,0.74
Do social preferences matter in lexical retuning? (2017),F,2,102,=,14.52,<,0.001,2.8249492790520713e-6,"F(2, 102) = 14.52, p < 0.001",FALSE,FALSE,FALSE,FALSE,0.74
Do social preferences matter in lexical retuning? (2017),F,2,78,=,3.12,=,0.05,0.04971340796431764,"F(2, 78) = 3.12, p = 0.05",FALSE,FALSE,FALSE,FALSE,0.74
Do social preferences matter in lexical retuning? (2017),F,2,78,=,27.4,<,0.001,9.70430815096597e-10,"F(2, 78) = 27.4, p < 0.001",FALSE,FALSE,FALSE,FALSE,0.74
Do social preferences matter in lexical retuning? (2017),F,2,384,=,120.7,<,0.001,2.1344339122611986e-41,"F(2, 384) = 120.7, p < 0.001",FALSE,FALSE,FALSE,FALSE,0.74
Do social preferences matter in lexical retuning? (2017),F,2,384,=,89.43,<,0.001,1.302329565678784e-32,"F(2, 384) = 89.43, p < 0.001",FALSE,FALSE,FALSE,FALSE,0.74
Do social preferences matter in lexical retuning? (2017),F,2,129,=,10.42,<,0.001,6.383303775876597e-5,"F(2, 129) = 10.42, p < 0.001",FALSE,FALSE,FALSE,FALSE,0.74
Do social preferences matter in lexical retuning? (2017),F,2,129,=,92.18,<,0.001,1.3747596868107146e-25,"F(2, 129) = 92.18, p < 0.001",FALSE,FALSE,FALSE,FALSE,0.74
Do social preferences matter in lexical retuning? (2017),F,8,1431,=,13.38,<,0.001,8.441007953034392e-19,"F(8, 1431) = 13.38, p < 0.001",FALSE,FALSE,FALSE,FALSE,0.74
Do social preferences matter in lexical retuning? (2017),F,2,1431,=,15,<,0.001,3.5721398571081984e-7,"F(2, 1431) = 15, p < 0.001",FALSE,FALSE,FALSE,FALSE,0.74
Do social preferences matter in lexical retuning? (2017),F,16,1431,=,3,<,0.001,5.808309117701019e-5,"F(16, 1431) = 3, p < 0.001",FALSE,FALSE,FALSE,FALSE,0.74
Do social preferences matter in lexical retuning? (2017),F,2,78,=,4.6,=,0.013,0.012928453941271222,"F(2, 78) = 4.6, p = 0.013",FALSE,FALSE,FALSE,FALSE,0.74
Do social preferences matter in lexical retuning? (2017),F,2,384,=,9.78,<,0.001,7.19842216386982e-5,"F(2, 384) = 9.78, p < 0.001",FALSE,FALSE,FALSE,FALSE,0.74
Do social preferences matter in lexical retuning? (2017),F,2,123,=,5.3,=,0.006,0.006195368994469972,"F(2, 123) = 5.3, p = 0.006",FALSE,FALSE,FALSE,FALSE,0.74
Do social preferences matter in lexical retuning? (2017),F,2,255,=,7.4,<,0.001,7.516661188926863e-4,"F(2, 255) = 7.4, p < 0.001",FALSE,FALSE,FALSE,FALSE,0.74
"Duration, vowel quality, and the rhythmic pattern of English (2017)",F,1,333,=,99.18,<,0.001,1.2722162611829609e-20,"F(1, 333) = 99.180, p < 0.001",FALSE,FALSE,FALSE,FALSE,0.1
"Duration, vowel quality, and the rhythmic pattern of English (2017)",F,1,332,=,134.659,<,0.001,2.3054604163576774e-26,"F(1, 332) = 134.659, p < 0.001",FALSE,FALSE,FALSE,FALSE,0.1
"Duration, vowel quality, and the rhythmic pattern of English (2017)",F,2,332,=,136.824,<,0.001,4.574611153476383e-44,"F (2, 332) = 136.824, p < 0.001",FALSE,FALSE,FALSE,FALSE,0.1
French Speech Segmentation in Liaison Contexts by L1 and L2 Listeners (2017),Chi2,1,NA,=,25.34,<,0.001,4.806376233252996e-7," χ2(1)= 25.34, p < .001",FALSE,FALSE,FALSE,FALSE,1
French Speech Segmentation in Liaison Contexts by L1 and L2 Listeners (2017),Chi2,1,NA,=,8.21,<,0.01,0.004166015107626923," χ2(1) = 8.21, p < 0.01",FALSE,FALSE,FALSE,FALSE,1
French Speech Segmentation in Liaison Contexts by L1 and L2 Listeners (2017),Chi2,1,NA,<,2,<,0.05,0.1572992070502845," χ2(1) < 2, p < 0.05",FALSE,FALSE,FALSE,FALSE,1
From categories to gradience: Auto-coding sociophonetic variation with random forests (2017),Z,NA,NA,=,5.64,<,1e-4,1.7005016430950115e-8,"Z = 5.64, p < .0001",FALSE,FALSE,FALSE,FALSE,0.41
From categories to gradience: Auto-coding sociophonetic variation with random forests (2017),Z,NA,NA,=,-4.39,<,1e-4,1.1335066083653477e-5,"Z = -4.39, p < .0001",FALSE,FALSE,FALSE,FALSE,0.41
From categories to gradience: Auto-coding sociophonetic variation with random forests (2017),Chi2,2,NA,=,9.27,<,0.01,0.009706107038349598," χ2(2) = 9.27, p < .01",FALSE,FALSE,FALSE,FALSE,0.41
From categories to gradience: Auto-coding sociophonetic variation with random forests (2017),Z,NA,NA,=,-3.73,<,0.001,1.9147977053782903e-4,"Z = -3.73, p < .001",FALSE,FALSE,FALSE,FALSE,0.41
From categories to gradience: Auto-coding sociophonetic variation with random forests (2017),Chi2,2,NA,=,16.33,<,0.001,2.8443665015532725e-4," χ2(2) = 16.33, p < .001",FALSE,FALSE,FALSE,FALSE,0.41
From categories to gradience: Auto-coding sociophonetic variation with random forests (2017),Z,NA,NA,=,-2.68,<,0.01,0.007362216018349963,"Z = -2.68, p < .01",FALSE,FALSE,FALSE,FALSE,0.41
From categories to gradience: Auto-coding sociophonetic variation with random forests (2017),Chi2,2,NA,=,24.62,<,1e-4,4.5064538489442506e-6," χ2(2) = 24.62, p < .0001",FALSE,FALSE,FALSE,FALSE,0.41
Gendered associations of English morphology (2017),Z,NA,NA,=,5.5,<,1e-4,3.797912493177544e-8,"Z = 5.5, p < 0.0001",FALSE,FALSE,FALSE,FALSE,1
Gendered associations of English morphology (2017),Z,NA,NA,=,7.5,<,0.001,6.381783345821793e-14,"Z = 7.5, p < 0.001",FALSE,FALSE,FALSE,FALSE,1
Gendered associations of English morphology (2017),Z,NA,NA,=,3,=,0.0027,0.002699796063260189,"Z = 3.0, p = 0.0027",FALSE,FALSE,FALSE,FALSE,1
Gendered associations of English morphology (2017),Z,NA,NA,=,0.26,=,0.79,0.794863773596479,"Z = 0.26, p = 0.79",FALSE,FALSE,FALSE,FALSE,1
Gendered associations of English morphology (2017),Z,NA,NA,=,3.2,=,0.0016,0.0013742758758316961,"Z = 3.2, p = 0.0016",FALSE,FALSE,TRUE,FALSE,1
Gendered associations of English morphology (2017),Z,NA,NA,=,2.5,=,0.013,0.01241933065155227,"Z = 2.5, p = 0.013",FALSE,FALSE,TRUE,FALSE,1
Gendered associations of English morphology (2017),Z,NA,NA,=,3.5,<,0.001,4.6525815807104987e-4,"Z = 3.5, p < 0.001",FALSE,FALSE,FALSE,FALSE,1
Gendered associations of English morphology (2017),Z,NA,NA,=,6.2,<,1e-4,5.646316074086543e-10,"Z = 6.2, p < 0.0001",FALSE,FALSE,FALSE,FALSE,1
Gendered associations of English morphology (2017),Z,NA,NA,=,4.4,<,1e-4,1.0825087815407698e-5,"Z = 4.4, p < 0.0001",FALSE,FALSE,FALSE,FALSE,1
Gendered associations of English morphology (2017),Z,NA,NA,=,1.3,=,0.21,0.1936009691712207,"Z = 1.3, p = 0.21",FALSE,FALSE,FALSE,FALSE,1
Gendered associations of English morphology (2017),Z,NA,NA,=,0.6,=,0.4,0.5485062355001472,"Z = 0.60, p = 0.40",TRUE,FALSE,FALSE,FALSE,1
Gendered associations of English morphology (2017),Z,NA,NA,=,0.57,=,0.57,0.5686776980926485,"Z = 0.57, p = 0.57",FALSE,FALSE,FALSE,FALSE,1
Gendered associations of English morphology (2017),Z,NA,NA,=,-0.84,=,0.4,0.40090838652089933,"Z = -0.84, p = 0.40",FALSE,FALSE,FALSE,FALSE,1
Gendered associations of English morphology (2017),Z,NA,NA,=,4.5,<,1e-4,6.79534624946012e-6,"Z = 4.5, p < 0.0001",FALSE,FALSE,FALSE,FALSE,1
Iconicity correlated with vowel harmony in Korean ideophones (2017),t,NA,169.1,=,2.67,=,0.008,0.008325056522566767,"t(169.1) = 2.67, p = .008",FALSE,FALSE,FALSE,FALSE,0.17
Iconicity correlated with vowel harmony in Korean ideophones (2017),t,NA,90.1,=,3.49,<,0.001,7.497516585470936e-4,"t(90.1) = 3.49, p < .001",FALSE,FALSE,FALSE,FALSE,0.17
Iconicity correlated with vowel harmony in Korean ideophones (2017),t,NA,59.5,=,1.36,=,0.179,0.17896091501716907,"t(59.5) = 1.36, p = .179",FALSE,FALSE,FALSE,FALSE,0.17
Implicit effects of regional cues on the interpretation of intonation by Corsican French listeners (2017),Chi2,1,NA,=,5.89,<,0.05,0.015227100376491639,"χ2 (1) = 5.89, p < 0.05",FALSE,FALSE,FALSE,FALSE,0.67
Implicit effects of regional cues on the interpretation of intonation by Corsican French listeners (2017),Chi2,1,NA,=,12.92,<,0.001,3.250898600710509e-4,"χ2 (1) = 12.92, p < 0.001",FALSE,FALSE,FALSE,FALSE,0.67
Inductive learning of locality relations in segmental phonology (2017),Chi2,4,NA,=,37.02,<,1e-4,1.7842939764597644e-7,"χ2(4) = 37.02, p < 0.0001",FALSE,FALSE,FALSE,TRUE,0.05
Inductive learning of locality relations in segmental phonology (2017),Chi2,4,NA,=,79.57,<,1e-4,2.1482979010225814e-16,"χ2(4) = 79.57, p < 0.0001",FALSE,FALSE,FALSE,TRUE,0.05
Inter-consonantal intervals in Tripolitanian Libyan Arabic: Accounting for variable epenthesis (2017),F,3,537,=,34.43,<,0.001,2.2985321300360013e-20,"F(3,537) = 34.43, p < 0.001",FALSE,FALSE,FALSE,FALSE,0.6
Inter-consonantal intervals in Tripolitanian Libyan Arabic: Accounting for variable epenthesis (2017),F,1,538,=,25.06,<,0.001,7.542892826677392e-7,"F(1,538) = 25.06, p < 0.001",FALSE,FALSE,FALSE,FALSE,0.6
Inter-consonantal intervals in Tripolitanian Libyan Arabic: Accounting for variable epenthesis (2017),F,2,412,=,42.96,<,0.001,1.1322827271999542e-17,"F(2,412) = 42.96, p < 0.001",FALSE,FALSE,FALSE,FALSE,0.6
Inter-consonantal intervals in Tripolitanian Libyan Arabic: Accounting for variable epenthesis (2017),F,1,398,=,37.84,<,0.001,1.8719753288568013e-9,"F(1,398) = 37.84, p < 0.001",FALSE,FALSE,FALSE,FALSE,0.6
Inter-consonantal intervals in Tripolitanian Libyan Arabic: Accounting for variable epenthesis (2017),F,1,414,=,8.72,=,0.003,0.003326674827314024,"F(1,414) = 8.72, p = 0.003",FALSE,FALSE,FALSE,FALSE,0.6
Inter-consonantal intervals in Tripolitanian Libyan Arabic: Accounting for variable epenthesis (2017),F,1,245,=,7.69,=,0.005,0.005979784140984006,"F(1,245) = 7.69, p = 0.005",TRUE,FALSE,TRUE,FALSE,0.6
Inter-consonantal intervals in Tripolitanian Libyan Arabic: Accounting for variable epenthesis (2017),F,1,245,=,40.49,<,0.001,9.63686574068976e-10,"F(1,245) = 40.49, p < 0.001",FALSE,FALSE,FALSE,FALSE,0.6
Inter-consonantal intervals in Tripolitanian Libyan Arabic: Accounting for variable epenthesis (2017),F,2,277,=,7.31,<,0.001,8.058443888333197e-4,"F(2,277) = 7.31, p < 0.001",FALSE,FALSE,FALSE,FALSE,0.6
Inter-consonantal intervals in Tripolitanian Libyan Arabic: Accounting for variable epenthesis (2017),F,2,164,=,7.08,=,0.001,0.0011239805856165747,"F(2,164) = 7.08, p = 0.001",FALSE,FALSE,FALSE,FALSE,0.6
Language-independent talker-specificity in bilingual speech intelligibility: Individual traits persist across first-language and second-language speech (2017),t,NA,13,=,11.38,<,0.01,3.9380297316000416e-8,"t(13) = 11.38, p < .01",FALSE,FALSE,FALSE,TRUE,0.86
Language-independent talker-specificity in bilingual speech intelligibility: Individual traits persist across first-language and second-language speech (2017),t,NA,13,=,5.15,<,0.01,1.8667272454946e-4,"t(13) = 5.15, p < .01",FALSE,FALSE,FALSE,TRUE,0.86
Language-independent talker-specificity in bilingual speech intelligibility: Individual traits persist across first-language and second-language speech (2017),t,NA,13,=,-2.75,<,0.05,0.016537846720235966,"t(13) = -2.75, p < .05",FALSE,FALSE,FALSE,TRUE,0.86
Language-independent talker-specificity in bilingual speech intelligibility: Individual traits persist across first-language and second-language speech (2017),t,NA,13,=,4.16,<,0.01,0.0011201017104248072,"t(13) = 4.16, p < .01",FALSE,FALSE,FALSE,TRUE,0.86
Language-independent talker-specificity in bilingual speech intelligibility: Individual traits persist across first-language and second-language speech (2017),t,NA,9,=,3.7,<,0.01,0.004920562189329635,"t(9) = 3.7, p < .01",FALSE,FALSE,FALSE,TRUE,0.86
Language-independent talker-specificity in bilingual speech intelligibility: Individual traits persist across first-language and second-language speech (2017),t,NA,9,=,3.03,<,0.05,0.01424668804741535,"t(9) = 3.03, p < .05",FALSE,FALSE,FALSE,TRUE,0.86
Language-independent talker-specificity in bilingual speech intelligibility: Individual traits persist across first-language and second-language speech (2017),t,NA,20,=,3.56,<,0.01,0.001962354969461743,"t(20) = 3.56, p < .01",FALSE,FALSE,FALSE,TRUE,0.86
Language-independent talker-specificity in bilingual speech intelligibility: Individual traits persist across first-language and second-language speech (2017),t,NA,20,=,0.3,=,0.76,0.7672730032437602,"t(20) = .3, p = .76",FALSE,FALSE,FALSE,TRUE,0.86
Language-independent talker-specificity in bilingual speech intelligibility: Individual traits persist across first-language and second-language speech (2017),t,NA,20,=,-0.99,=,0.34,0.33400110182170517,"t(20) = -.99, p = .34",FALSE,FALSE,FALSE,TRUE,0.86
Language-independent talker-specificity in bilingual speech intelligibility: Individual traits persist across first-language and second-language speech (2017),t,NA,20,=,3.41,<,0.01,0.002776571289338115,"t(20) = 3.41, p < .01",FALSE,FALSE,FALSE,TRUE,0.86
Language-independent talker-specificity in bilingual speech intelligibility: Individual traits persist across first-language and second-language speech (2017),t,NA,20,=,0.67,=,0.51,0.5105202956571617,"t(20) = .67, p = .51",FALSE,FALSE,FALSE,TRUE,0.86
Language-independent talker-specificity in bilingual speech intelligibility: Individual traits persist across first-language and second-language speech (2017),t,NA,20,=,-0.95,=,0.35,0.3534519457823839,"t(20) = -.95, p = .35",FALSE,FALSE,FALSE,TRUE,0.86
Lexical representation and processing of word-initial morphological alternations: Scottish Gaelic mutation (2017),F,4,80,=,23.78,<,0.001,5.580949993607952e-13,"F(4,80) = 23.78, p < .001",FALSE,FALSE,FALSE,FALSE,0.71
Lexical representation and processing of word-initial morphological alternations: Scottish Gaelic mutation (2017),F,2,40,=,69.83,<,0.001,8.957192744900365e-14,"F(2,40) = 69.83, p < .001",FALSE,FALSE,FALSE,FALSE,0.71
Lexical representation and processing of word-initial morphological alternations: Scottish Gaelic mutation (2017),F,2,40,=,19.39,<,0.001,1.2968217837625443e-6,"F(2,40) = 19.39, p < .001",FALSE,FALSE,FALSE,FALSE,0.71
Lexical representation and processing of word-initial morphological alternations: Scottish Gaelic mutation (2017),F,2,40,=,7.08,<,0.005,0.002331453258356578,"F(2,40) = 7.08, p < .005",FALSE,FALSE,FALSE,FALSE,0.71
Lexical representation and processing of word-initial morphological alternations: Scottish Gaelic mutation (2017),F,2,40,=,2.2,>,0.1,0.12403390708964307,"F(2,40) = 2.20, p > .10",FALSE,FALSE,FALSE,FALSE,0.71
Lexical representation and processing of word-initial morphological alternations: Scottish Gaelic mutation (2017),F,1,20,=,294.71,<,0.001,1.9503857532654245e-13,"F(1,20) = 294.71, p < .001",FALSE,FALSE,FALSE,FALSE,0.71
Lexical representation and processing of word-initial morphological alternations: Scottish Gaelic mutation (2017),F,2,40,=,91.17,<,0.001,1.2613854004297521e-15,"F(2,40) = 91.17, p < .001",FALSE,FALSE,FALSE,FALSE,0.71
Lexical representation and processing of word-initial morphological alternations: Scottish Gaelic mutation (2017),F,1,20,=,120,<,0.001,6.687378940097007e-10,"F(1,20) = 120.00, p < .001",FALSE,FALSE,FALSE,FALSE,0.71
Lexical representation and processing of word-initial morphological alternations: Scottish Gaelic mutation (2017),F,2,40,=,108.12,<,0.001,7.383483580795881e-17,"F(2,40) = 108.12, p < .001",FALSE,FALSE,FALSE,FALSE,0.71
Lexical representation and processing of word-initial morphological alternations: Scottish Gaelic mutation (2017),F,2,40,=,76.96,<,0.001,1.944230612003516e-14,"F(2,40) = 76.96, p < .001",FALSE,FALSE,FALSE,FALSE,0.71
Lexical representation and processing of word-initial morphological alternations: Scottish Gaelic mutation (2017),F,4,80,=,10.75,<,0.001,5.046790139788016e-7,"F(4,80) = 10.75, p < .001",FALSE,FALSE,FALSE,FALSE,0.71
Lexical representation and processing of word-initial morphological alternations: Scottish Gaelic mutation (2017),F,4,80,=,3.12,<,0.02,0.019396604253122195,"F(4,80) = 3.12, p < .02",FALSE,FALSE,FALSE,FALSE,0.71
Lexical representation and processing of word-initial morphological alternations: Scottish Gaelic mutation (2017),F,1,21,=,15.58,<,0.005,7.371261617798902e-4,"F(1,21) = 15.58, p < .005",FALSE,FALSE,FALSE,FALSE,0.71
Lexical representation and processing of word-initial morphological alternations: Scottish Gaelic mutation (2017),F,2,42,=,3.87,<,0.03,0.02866907618597988,"F(2,42) = 3.87, p < .03",FALSE,FALSE,FALSE,FALSE,0.71
Lexical representation and processing of word-initial morphological alternations: Scottish Gaelic mutation (2017),F,2,42,=,8.9,<,0.005,5.99115057211843e-4,"F(2,42) = 8.90, p < .005",FALSE,FALSE,FALSE,FALSE,0.71
Lexical representation and processing of word-initial morphological alternations: Scottish Gaelic mutation (2017),F,2,42,=,16.81,<,0.001,4.3337610778566096e-6,"F(2,42) = 16.81, p < .001",FALSE,FALSE,FALSE,FALSE,0.71
Lexical representation and processing of word-initial morphological alternations: Scottish Gaelic mutation (2017),F,1,21,=,5.27,<,0.04,0.03209334119785112,"F(1,21) = 5.27, p < .04",FALSE,FALSE,FALSE,FALSE,0.71
Morpho-phonological regularities influence the dynamics of real-time word recognition: Evidence from artificial language learning (2017),t,NA,411.4,=,4,=,7e-5,7.510442750680261e-5,"t(411.4) = 4.0, p = .00007",FALSE,FALSE,TRUE,FALSE,0.73
Morpho-phonological regularities influence the dynamics of real-time word recognition: Evidence from artificial language learning (2017),t,NA,365.6,=,-0.8,=,0.43,0.4242302943986156,"t(365.6) = -.80, p = .43",FALSE,FALSE,FALSE,FALSE,0.73
Morpho-phonological regularities influence the dynamics of real-time word recognition: Evidence from artificial language learning (2017),t,NA,195.3,=,2.8,=,0.00564,0.0056235615592288395,"t(195.3) = 2.8, p = 0.00564",FALSE,FALSE,FALSE,FALSE,0.73
Morpho-phonological regularities influence the dynamics of real-time word recognition: Evidence from artificial language learning (2017),t,NA,195.2,=,2.9,=,0.00474,0.004159400927521808,"t(195.2) = 2.9, p = 0.00474",FALSE,FALSE,TRUE,FALSE,0.73
Morpho-phonological regularities influence the dynamics of real-time word recognition: Evidence from artificial language learning (2017),t,NA,382.5,=,1.5,=,0.12,0.13443932952840443,"t(382.5) = 1.5, p = .12",FALSE,FALSE,FALSE,FALSE,0.73
Morpho-phonological regularities influence the dynamics of real-time word recognition: Evidence from artificial language learning (2017),t,NA,382.1,=,1.1,=,0.25,0.2720246541020206,"t(382.1) = 1.1, p = .25",FALSE,FALSE,FALSE,FALSE,0.73
Morpho-phonological regularities influence the dynamics of real-time word recognition: Evidence from artificial language learning (2017),t,NA,990.5,=,1.827,=,0.068,0.06800057268535113,"t(990.5) = 1.827, p = .068",FALSE,FALSE,FALSE,FALSE,0.73
Morpho-phonological regularities influence the dynamics of real-time word recognition: Evidence from artificial language learning (2017),t,NA,990.5,=,1.93,=,0.054,0.053892112606289656,"t(990.5) = 1.93, p = .054",FALSE,FALSE,FALSE,FALSE,0.73
Morpho-phonological regularities influence the dynamics of real-time word recognition: Evidence from artificial language learning (2017),t,NA,234.5,=,3.07,=,0.0024,0.0023927970362296706,"t(234.5) = 3.07, p = 0.0024",FALSE,FALSE,FALSE,FALSE,0.73
Morpho-phonological regularities influence the dynamics of real-time word recognition: Evidence from artificial language learning (2017),t,NA,235.8,=,0.38,=,0.71,0.7042874589488375,"t(235.8) = 0.38, p = 0.71",FALSE,FALSE,FALSE,FALSE,0.73
Morpho-phonological regularities influence the dynamics of real-time word recognition: Evidence from artificial language learning (2017),t,NA,234.5,=,0.11,=,0.92,0.9125034535799856,"t(234.5) = 0.11, p = 0.92",FALSE,FALSE,FALSE,FALSE,0.73
Morpho-phonological regularities influence the dynamics of real-time word recognition: Evidence from artificial language learning (2017),t,NA,235.8,=,0.4,=,0.69,0.6895186322712543,"t(235.8) = 0.40, p = 0.69",FALSE,FALSE,FALSE,FALSE,0.73
Morpho-phonological regularities influence the dynamics of real-time word recognition: Evidence from artificial language learning (2017),t,NA,100.7,=,1.9,=,0.0573,0.060293841678206166,"t(100.7) = 1.9, p = 0.0573",FALSE,FALSE,FALSE,FALSE,0.73
Morpho-phonological regularities influence the dynamics of real-time word recognition: Evidence from artificial language learning (2017),t,NA,106.6,=,2.3,=,0.0223,0.023395900409330244,"t(106.6) = 2.3, p = 0.0223",FALSE,FALSE,FALSE,FALSE,0.73
Morpho-phonological regularities influence the dynamics of real-time word recognition: Evidence from artificial language learning (2017),t,NA,104.9,=,2.02,=,0.0462,0.04593255609987002,"t(104.9) = 2.02, p = 0.0462",FALSE,FALSE,FALSE,FALSE,0.73
Morpho-phonological regularities influence the dynamics of real-time word recognition: Evidence from artificial language learning (2017),t,NA,104.5,=,2,=,0.0482,0.04809490578276407,"t(104.5) = 2.0, p = 0.0482",FALSE,FALSE,FALSE,FALSE,0.73
Nasal place assimilation trades off inferrability of both target and trigger words (2017),t,NA,199.1,=,-4.81,<,1e-4,2.9739522745586272e-6,"t(199.1) = -4.81, p < .0001",FALSE,FALSE,FALSE,TRUE,1
On the nature of the perception-production link: Individual variability in English sibilant-vowel coarticulation (2017),Z,NA,NA,=,-4.604,<,0.001,4.144524611832288e-6,"Z = -4.604, p < 0.001",FALSE,FALSE,FALSE,FALSE,0.13
On the nature of the perception-production link: Individual variability in English sibilant-vowel coarticulation (2017),Z,NA,NA,=,13.374,<,0.001,8.579984982229308e-41,"Z = 13.374, p < 0.001",FALSE,FALSE,FALSE,FALSE,0.13
On the nature of the perception-production link: Individual variability in English sibilant-vowel coarticulation (2017),Z,NA,NA,=,-4.396,<,0.001,1.1026393343588872e-5,"Z = -4.396, p < 0.001",FALSE,FALSE,FALSE,FALSE,0.13
On the nature of the perception-production link: Individual variability in English sibilant-vowel coarticulation (2017),Z,NA,NA,=,2.958,<,0.01,0.003096421239711891,"Z = 2.958, p < 0.01",FALSE,FALSE,FALSE,FALSE,0.13
On the nature of the perception-production link: Individual variability in English sibilant-vowel coarticulation (2017),Z,NA,NA,=,-3.385,<,0.001,7.117825451840392e-4,"Z = -3.385, p < 0.001",FALSE,FALSE,FALSE,FALSE,0.13
Perceptual Associations Between Words and Speaker Age (2017),Chi2,1,NA,=,4.76,<,0.029,0.029128548080897106,"χ2(1) = 4.76, p < .029",TRUE,FALSE,FALSE,FALSE,0.07
Perceptual Associations Between Words and Speaker Age (2017),Chi2,1,NA,=,0.03,=,0.856,0.8624902301359216,"χ2(1) = .03, p = .856",FALSE,FALSE,FALSE,FALSE,0.07
Phonetic Distinctiveness vs. Lexical Contrastiveness in Non-Robust Phonemic Contrasts (2017),Z,NA,NA,=,47.4,<,0.001,0,"Z = 47.4, p < 0.001",FALSE,FALSE,FALSE,FALSE,0.76
Phonetic Distinctiveness vs. Lexical Contrastiveness in Non-Robust Phonemic Contrasts (2017),Z,NA,NA,=,52.5,<,0.001,0,"Z = 52.5, p < 0.001",FALSE,FALSE,FALSE,FALSE,0.76
Phonetic Distinctiveness vs. Lexical Contrastiveness in Non-Robust Phonemic Contrasts (2017),t,NA,16,=,5.7605,<,0.001,2.9238171075122666e-5,"t(16) = 5.7605, p < 0.001",FALSE,FALSE,FALSE,FALSE,0.76
Phonetic Distinctiveness vs. Lexical Contrastiveness in Non-Robust Phonemic Contrasts (2017),t,NA,16,=,3.9121,<,0.005,0.0012417170712432537,"t(16) = 3.9121, p < 0.005",FALSE,FALSE,FALSE,FALSE,0.76
Phonetic Distinctiveness vs. Lexical Contrastiveness in Non-Robust Phonemic Contrasts (2017),F,1,14,=,7.577,<,0.05,0.015564239354168029,"F(1, 14) = 7.577, p < 0.05",FALSE,FALSE,FALSE,FALSE,0.76
Phonetic Distinctiveness vs. Lexical Contrastiveness in Non-Robust Phonemic Contrasts (2017),F,1,14,=,3.87,=,0.0693,0.06929606794541182,"F(1, 14) = 3.87, p = 0.0693",FALSE,FALSE,FALSE,FALSE,0.76
Phonetic Distinctiveness vs. Lexical Contrastiveness in Non-Robust Phonemic Contrasts (2017),F,1,14,=,3.289,=,0.0912,0.09123346226658775,"F(1, 14) = 3.289, p = 0.0912",FALSE,FALSE,FALSE,FALSE,0.76
Phonetic Distinctiveness vs. Lexical Contrastiveness in Non-Robust Phonemic Contrasts (2017),t,NA,16,=,11.369,<,0.001,4.481559617651753e-9,"t(16) = 11.369, p < 0.001",FALSE,FALSE,FALSE,FALSE,0.76
Phonetic Distinctiveness vs. Lexical Contrastiveness in Non-Robust Phonemic Contrasts (2017),t,NA,16,=,13.026,<,0.001,6.213235347299951e-10,"t(16) = 13.026, p < 0.001",FALSE,FALSE,FALSE,FALSE,0.76
Phonetic Distinctiveness vs. Lexical Contrastiveness in Non-Robust Phonemic Contrasts (2017),F,2,28,=,22.62,<,0.001,1.4247404020555164e-6,"F(2, 28) = 22.62, p < 0.001",FALSE,FALSE,FALSE,FALSE,0.76
Phonetic Distinctiveness vs. Lexical Contrastiveness in Non-Robust Phonemic Contrasts (2017),F,1,14,=,13.24,<,0.005,0.0026844229410622217,"F(1, 14) = 13.24, p < 0.005",FALSE,FALSE,FALSE,FALSE,0.76
Phonetic Distinctiveness vs. Lexical Contrastiveness in Non-Robust Phonemic Contrasts (2017),t,NA,14,=,6.4048,<,0.001,1.6413148663005033e-5,"t(14) = 6.4048, p < 0.001",FALSE,FALSE,FALSE,FALSE,0.76
Phonetic Distinctiveness vs. Lexical Contrastiveness in Non-Robust Phonemic Contrasts (2017),t,NA,14,=,4.0197,<,0.005,0.0012661972757307513,"t(14) = 4.0197, p < 0.005",FALSE,FALSE,FALSE,FALSE,0.76
Phonetic effects of onset complexity on the English syllable (2017),Chi2,1,NA,=,36.83,<,1e-4,1.28891550441308e-9,"χ2(1) = 36.83, p < .0001",FALSE,FALSE,FALSE,FALSE,0.91
Phonetic effects of onset complexity on the English syllable (2017),Chi2,1,NA,=,48.79,<,1e-4,2.848886621152954e-12,"χ2(1) = 48.79, p < .0001",FALSE,FALSE,FALSE,FALSE,0.91
Phonetic effects of onset complexity on the English syllable (2017),Chi2,1,NA,=,42.94,<,1e-4,5.644468570028156e-11,"χ2(1) = 42.94, p < .0001",FALSE,FALSE,FALSE,FALSE,0.91
Phonetic effects of onset complexity on the English syllable (2017),Chi2,1,NA,=,9.72,=,0.002,0.0018227351663913961,"χ2(1) = 9.72, p = .002",FALSE,FALSE,FALSE,FALSE,0.91
Phonetic effects of onset complexity on the English syllable (2017),Chi2,1,NA,=,23.95,<,1e-4,9.887029235559836e-7,"χ2(1) = 23.95, p < .0001",FALSE,FALSE,FALSE,FALSE,0.91
Phonetic effects of onset complexity on the English syllable (2017),Chi2,1,NA,=,36.17,<,1e-4,1.8083303116072742e-9,"χ2(1) = 36.17, p < .0001",FALSE,FALSE,FALSE,FALSE,0.91
Phonetic effects of onset complexity on the English syllable (2017),Chi2,1,NA,=,28.17,<,1e-4,1.1111352762413808e-7,"χ2(1) = 28.17, p < .0001",FALSE,FALSE,FALSE,FALSE,0.91
Phonetic effects of onset complexity on the English syllable (2017),Chi2,1,NA,=,1.13,=,0.29,0.28777533888577406,"χ2(1) = 1.13, p = .29",FALSE,FALSE,FALSE,FALSE,0.91
Phonetic effects of onset complexity on the English syllable (2017),Chi2,1,NA,=,29.06,<,1e-4,7.017095045313862e-8,"χ2(1) = 29.06, p < .0001",FALSE,FALSE,FALSE,FALSE,0.91
Phonetic effects of onset complexity on the English syllable (2017),Chi2,1,NA,=,0.3,=,0.59,0.5838824207703652,"χ2(1) = 0.3, p = .59",FALSE,FALSE,FALSE,FALSE,0.91
Phonological and Semantic Cues to Learning from Word-Types (2017),F,1,173,=,43.27,<,0.001,5.446121671902567e-10,"F(1, 173) = 43.27, p < .001",FALSE,FALSE,FALSE,TRUE,0.75
Phonological and Semantic Cues to Learning from Word-Types (2017),F,1,173,=,26.34,<,0.001,7.635485941955271e-7,"F(1, 173) = 26.34, p < .001",FALSE,FALSE,FALSE,TRUE,0.75
Phonological and Semantic Cues to Learning from Word-Types (2017),F,1,173,=,5.65,=,0.019,0.018547359273264872,"F(1, 173) = 5.65, p = .019",FALSE,FALSE,FALSE,TRUE,0.75
Phonological and Semantic Cues to Learning from Word-Types (2017),F,2,173,=,2.54,=,0.082,0.08180459633415593,"F(2, 173) = 2.54, p = .082",FALSE,FALSE,FALSE,TRUE,0.75
Phonological and Semantic Cues to Learning from Word-Types (2017),F,2,173,=,3.09,=,0.048,0.04802234689515869,"F(2, 173) = 3.09, p = .048",FALSE,FALSE,FALSE,TRUE,0.75
Phonological and Semantic Cues to Learning from Word-Types (2017),F,1,65,=,34.32,<,0.001,1.6944027778254543e-7,"F(1, 65) = 34.32, p < .001",FALSE,FALSE,FALSE,TRUE,0.75
Phonological and Semantic Cues to Learning from Word-Types (2017),F,1,51,=,18.68,<,0.001,7.170740898948414e-5,"F(1, 51) = 18.68, p < .001",FALSE,FALSE,FALSE,TRUE,0.75
Phonological and Semantic Cues to Learning from Word-Types (2017),F,1,60,=,2.92,=,0.092,0.09265643995098122,"F(1, 60) = 2.92, p = .092",FALSE,FALSE,FALSE,TRUE,0.75
Phonological and Semantic Cues to Learning from Word-Types (2017),F,1,173,=,4.01,=,0.047,0.04679309078946209,"F(1, 173) = 4.01, p = .047",FALSE,FALSE,FALSE,TRUE,0.75
Phonological and Semantic Cues to Learning from Word-Types (2017),F,1,178,=,27.27,<,0.001,4.901329674160601e-7,"F(1, 178) = 27.27, p < .001",FALSE,FALSE,FALSE,TRUE,0.75
Phonological and Semantic Cues to Learning from Word-Types (2017),F,1,178,=,4.53,=,0.035,0.034681348227035905,"F(1, 178) = 4.53, p = .035",FALSE,FALSE,FALSE,TRUE,0.75
Phonological and Semantic Cues to Learning from Word-Types (2017),F,1,64,=,4.02,=,0.049,0.04919719991379423,"F(1, 64) = 4.02, p = .049",FALSE,FALSE,FALSE,TRUE,0.75
Phonological and Semantic Cues to Learning from Word-Types (2017),F,1,50,=,9.17,=,0.004,0.0038845847395424732,"F(1, 50) = 9.17, p = .004",FALSE,FALSE,FALSE,TRUE,0.75
Phonological and Semantic Cues to Learning from Word-Types (2017),F,1,50,=,5.72,=,0.021,0.020575306493498126,"F(1, 50) = 5.72, p = .021",FALSE,FALSE,FALSE,TRUE,0.75
Phonological and Semantic Cues to Learning from Word-Types (2017),F,1,60,=,13.87,>,0.001,4.348900941209274e-4,"F(1, 60) = 13.87, p > .001",TRUE,FALSE,FALSE,TRUE,0.75
Phonology modulates the illusory vowels in perceptual illusions: Evidence from Mandarin and English (2017),F,1,37,=,23.87,<,1e-4,2.0071259466104853e-5,"F(1,37) = 23.87, p < 0.0001",FALSE,FALSE,FALSE,FALSE,0.59
Phonology modulates the illusory vowels in perceptual illusions: Evidence from Mandarin and English (2017),F,1,37,=,42.01,<,1e-4,1.4039486590676094e-7,"F(1,37) = 42.01, p < 0.0001",FALSE,FALSE,FALSE,FALSE,0.59
Phonology modulates the illusory vowels in perceptual illusions: Evidence from Mandarin and English (2017),F,1,37,=,13.04,<,0.001,8.992282750495666e-4,"F(1,37) = 13.04, p < 0.001",FALSE,FALSE,FALSE,FALSE,0.59
Phonology modulates the illusory vowels in perceptual illusions: Evidence from Mandarin and English (2017),F,1,37,=,8.01,<,0.01,0.007475293171853102,"F(1,37) = 8.01, p < 0.01",FALSE,FALSE,FALSE,FALSE,0.59
Phonology modulates the illusory vowels in perceptual illusions: Evidence from Mandarin and English (2017),F,1,37,=,6.48,=,0.015,0.015208765605500205,"F(1,37) = 6.48, p = 0.015",FALSE,FALSE,FALSE,FALSE,0.59
Phonology modulates the illusory vowels in perceptual illusions: Evidence from Mandarin and English (2017),F,0.66,24.4,=,68.68,<,1e-4,2.433228969956343e-7,"F(0.66,24.4) = 68.68, p < 0.0001",FALSE,FALSE,FALSE,FALSE,0.59
Phonology modulates the illusory vowels in perceptual illusions: Evidence from Mandarin and English (2017),F,1.32,48.8,=,8.64,<,0.01,0.00245224827644839,"F(1.32,48.8) = 8.64, p < 0.01",FALSE,FALSE,FALSE,FALSE,0.59
Phonology modulates the illusory vowels in perceptual illusions: Evidence from Mandarin and English (2017),F,2,74,=,6.24,<,0.01,0.0031310747439578673,"F(2,74) = 6.24, p < 0.01",FALSE,FALSE,FALSE,FALSE,0.59
Phonology modulates the illusory vowels in perceptual illusions: Evidence from Mandarin and English (2017),F,2,74,=,4.64,<,0.05,0.012634763567852394,"F(2,74) = 4.64, p < 0.05",FALSE,FALSE,FALSE,FALSE,0.59
Phonology modulates the illusory vowels in perceptual illusions: Evidence from Mandarin and English (2017),F,2,74,=,43.75,<,1e-4,2.8786584767913683e-13,"F(2,74) = 43.75, p < 0.0001",FALSE,FALSE,FALSE,FALSE,0.59
Phonology modulates the illusory vowels in perceptual illusions: Evidence from Mandarin and English (2017),F,2,74,=,4.19,=,0.02,0.01888719603918398,"F(2,74) = 4.19, p = 0.02",FALSE,FALSE,FALSE,FALSE,0.59
Phonology modulates the illusory vowels in perceptual illusions: Evidence from Mandarin and English (2017),F,3.42,126.54,=,87.4,<,1e-4,7.901102126946164e-33,"F(3.42,126.54) = 87.4, p < 0.0001",FALSE,FALSE,FALSE,FALSE,0.59
Phonology modulates the illusory vowels in perceptual illusions: Evidence from Mandarin and English (2017),F,5,185,=,15.36,<,1e-4,1.2684332125133043e-12,"F(5,185) = 15.36, p < 0.0001",FALSE,FALSE,FALSE,FALSE,0.59
Predictability modulates pronunciation variants through speech planning effects: A case study on coronal stop realizations (2017),Chi2,1,NA,=,9.14,=,0.0025,0.0025008110209379236,"χ2(1) = 9.14, p = 0.0025",FALSE,FALSE,FALSE,TRUE,0.67
Predictability modulates pronunciation variants through speech planning effects: A case study on coronal stop realizations (2017),Chi2,2,NA,=,1.44,=,0.49,0.4867522559599717,"χ2(2) = 1.44, p = 0.49",FALSE,FALSE,FALSE,TRUE,0.67
Predictability modulates pronunciation variants through speech planning effects: A case study on coronal stop realizations (2017),Chi2,3,NA,=,7.73,=,0.05,0.051934146129553035,"χ2(3) = 7.73, p = 0.05",FALSE,FALSE,FALSE,TRUE,0.67
Predictability modulates pronunciation variants through speech planning effects: A case study on coronal stop realizations (2017),Chi2,3,NA,=,13.95,=,0.003,0.0029740073678775495,"χ2(3) = 13.95, p = 0.003",FALSE,FALSE,FALSE,TRUE,0.67
Production planning and coronal stop deletion in spontaneous speech (2017),Chi2,9,NA,=,147.5,<,1e-4,2.9048344779452414e-27,"χ2 (9) = 147.5, p < 0.0001",FALSE,FALSE,FALSE,TRUE,0.26
Production planning and coronal stop deletion in spontaneous speech (2017),Chi2,12,NA,=,103.1,<,1e-4,1.3722520321983012e-16,"χ2 (12) = 103.1, p < 0.0001",FALSE,FALSE,FALSE,TRUE,0.26
Production planning and coronal stop deletion in spontaneous speech (2017),Chi2,12,NA,=,21,=,0.051,0.05038045108893582,"χ2 (12) = 21.0, p = 0.051",FALSE,FALSE,FALSE,TRUE,0.26
Production planning and coronal stop deletion in spontaneous speech (2017),Chi2,8,NA,=,24.9,=,0.0016,0.0016163796905327946,"χ2 (8) = 24.9, p = 0.0016",FALSE,FALSE,FALSE,TRUE,0.26
Production planning and coronal stop deletion in spontaneous speech (2017),Chi2,4,NA,=,15.9,=,0.0032,0.0031563263734228895,"χ2 (4) = 15.9, p = 0.0032",FALSE,FALSE,FALSE,TRUE,0.26
Production planning and coronal stop deletion in spontaneous speech (2017),Chi2,4,NA,=,12.7,=,0.012,0.012838591451519235,"χ2 (4) = 12.7, p = 0.012",TRUE,FALSE,TRUE,TRUE,0.26
Prosodic features of stances in conversation (2017),Chi2,9,NA,=,68.17,<,0.001,3.4748723335440365e-11,"χ2(9) = 68.17, p < .001",FALSE,FALSE,FALSE,FALSE,0.05
Prosodic Marking of Narrow Focus in Seoul Korean (2017),Chi2,2,NA,=,368.2,<,0.001,1.1127199679613676e-80,"χ2 (2) = 368.2, p < 0.001",FALSE,FALSE,FALSE,FALSE,0.63
Prosodic Marking of Narrow Focus in Seoul Korean (2017),Chi2,3,NA,=,1627.3,<,0.001,0,"χ2 (3) = 1627.3, p < 0.001",FALSE,FALSE,FALSE,FALSE,0.63
Prosodic Marking of Narrow Focus in Seoul Korean (2017),Chi2,1,NA,=,0.48,ns,NA,0.48842231662259356,"χ2 (1) = 0.48, ns",FALSE,FALSE,FALSE,FALSE,0.63
Prosodic Marking of Narrow Focus in Seoul Korean (2017),Chi2,2,NA,=,506.52,<,0.001,1.0246593637875504e-110,"χ2 (2) = 506.52, p < 0.001",FALSE,FALSE,FALSE,FALSE,0.63
Prosodic Marking of Narrow Focus in Seoul Korean (2017),Chi2,2,NA,=,630.55,<,0.001,1.196209419580929e-137,"χ2 (2) = 630.55, p < 0.001",FALSE,FALSE,FALSE,FALSE,0.63
Prosodic Marking of Narrow Focus in Seoul Korean (2017),Chi2,3,NA,=,102.44,<,0.001,4.642913405858761e-22,"χ2 (3) = 102.44, p < 0.001",FALSE,FALSE,FALSE,FALSE,0.63
Prosodic Marking of Narrow Focus in Seoul Korean (2017),Chi2,3,NA,=,84.47,<,0.001,3.3722280478446037e-18,"χ2 (3) = 84.47, p < 0.001",FALSE,FALSE,FALSE,FALSE,0.63
Prosodic Marking of Narrow Focus in Seoul Korean (2017),Chi2,6,NA,=,12.45,ns,NA,0.052650632027087335,"χ2 (6) = 12.45, ns",FALSE,FALSE,FALSE,FALSE,0.63
Prosodic Marking of Narrow Focus in Seoul Korean (2017),Chi2,6,NA,=,10.92,ns,NA,0.09088062133257102,"χ2 (6) = 10.92, ns",FALSE,FALSE,FALSE,FALSE,0.63
Prosodic Marking of Narrow Focus in Seoul Korean (2017),Chi2,8,NA,=,113.63,<,0.001,6.822184344066767e-21,"χ2 (8) = 113.63, p < 0.001",FALSE,FALSE,FALSE,FALSE,0.63
Prosodic Marking of Narrow Focus in Seoul Korean (2017),Chi2,12,NA,=,132.5,<,0.001,1.9420457520594517e-22,"χ2 (12) = 132.5, p < 0.001",FALSE,FALSE,FALSE,FALSE,0.63
Prosodic Marking of Narrow Focus in Seoul Korean (2017),Chi2,6,NA,=,12.76,<,0.05,0.04700948885766729,"χ2 (6) = 12.76, p < 0.05",FALSE,FALSE,FALSE,FALSE,0.63
Prosodic Marking of Narrow Focus in Seoul Korean (2017),Chi2,6,NA,=,88.05,<,0.001,7.69621261569566e-17,"χ2 (6) = 88.05, p < 0.001",FALSE,FALSE,FALSE,FALSE,0.63
Prosodic Marking of Narrow Focus in Seoul Korean (2017),Chi2,12,NA,=,17.44,ns,NA,0.1337820420125101,"χ2 (12) = 17.44, ns",FALSE,FALSE,FALSE,FALSE,0.63
Prosodic Marking of Narrow Focus in Seoul Korean (2017),Chi2,2,NA,=,31.49,<,0.001,1.452223239734291e-7,"χ2 (2) = 31.49, p < 0.001",FALSE,FALSE,FALSE,FALSE,0.63
Prosodic Marking of Narrow Focus in Seoul Korean (2017),Chi2,2,NA,=,15.71,<,0.01,3.8780807220140085e-4,"χ2 (2) = 15.71, p < 0.01",FALSE,FALSE,FALSE,FALSE,0.63
Prosodic Marking of Narrow Focus in Seoul Korean (2017),Chi2,2,NA,=,315.17,<,0.001,3.6450548617763305e-69,"χ2 (2) = 315.17, p < 0.001",FALSE,FALSE,FALSE,FALSE,0.63
Prosodic Marking of Narrow Focus in Seoul Korean (2017),Chi2,3,NA,=,37.66,<,0.001,3.335948691813694e-8,"χ2 (3) = 37.66, p < 0.001",FALSE,FALSE,FALSE,FALSE,0.63
Prosodic Marking of Narrow Focus in Seoul Korean (2017),Chi2,2,NA,=,25.48,<,0.001,2.9314892136891307e-6,"χ2 (2) = 25.48, p < 0.001",FALSE,FALSE,FALSE,FALSE,0.63
Prosodic Marking of Narrow Focus in Seoul Korean (2017),Chi2,3,NA,=,10.51,<,0.05,0.0146932145975145,"χ2 (3) = 10.51, p < 0.05",FALSE,FALSE,FALSE,FALSE,0.63
Prosodic Marking of Narrow Focus in Seoul Korean (2017),Chi2,6,NA,=,21.33,<,0.01,0.0016001799235074653,"χ2 (6) = 21.33, p < 0.01",FALSE,FALSE,FALSE,FALSE,0.63
Prosodic Marking of Narrow Focus in Seoul Korean (2017),Chi2,6,NA,=,21.28,<,0.01,0.0016337149298285229,"χ2 (6) = 21.28, p < 0.01",FALSE,FALSE,FALSE,FALSE,0.63
Prosodic Marking of Narrow Focus in Seoul Korean (2017),Chi2,2,NA,=,30.67,<,0.001,2.1882358055858333e-7,"χ2 (2) = 30.67, p < 0.001",FALSE,FALSE,FALSE,FALSE,0.63
Prosodic Marking of Narrow Focus in Seoul Korean (2017),Chi2,2,NA,=,222.31,<,0.001,5.321044170304532e-49,"χ2 (2) = 222.31, p < 0.001",FALSE,FALSE,FALSE,FALSE,0.63
Prosodic Marking of Narrow Focus in Seoul Korean (2017),Chi2,3,NA,=,25.69,<,0.001,1.107446390820396e-5,"χ2 (3) = 25.69, p < 0.001",FALSE,FALSE,FALSE,FALSE,0.63
Prosodic Marking of Narrow Focus in Seoul Korean (2017),Chi2,6,NA,=,37.13,<,0.001,1.661061550217407e-6,"χ2 (6) = 37.13, p < 0.001",FALSE,FALSE,FALSE,FALSE,0.63
Prosodic Marking of Narrow Focus in Seoul Korean (2017),Chi2,2,NA,=,6.14,<,0.05,0.04642115485743127,"χ2 (2) = 6.14, p < 0.05",FALSE,FALSE,FALSE,FALSE,0.63
Prosodic Marking of Narrow Focus in Seoul Korean (2017),Chi2,2,NA,=,396.95,<,0.001,6.3592032254202175e-87,"χ2 (2) = 396.95, p < 0.001",FALSE,FALSE,FALSE,FALSE,0.63
Prosodic Marking of Narrow Focus in Seoul Korean (2017),Chi2,2,NA,=,13.44,<,0.01,0.0012065382139580404,"χ2 (2) = 13.44, p < 0.01",FALSE,FALSE,FALSE,FALSE,0.63
Prosodic Marking of Narrow Focus in Seoul Korean (2017),Chi2,2,NA,=,160.49,<,0.001,1.4126653721187342e-35,"χ2 (2) = 160.49, p < 0.001",FALSE,FALSE,FALSE,FALSE,0.63
Prosodic Marking of Narrow Focus in Seoul Korean (2017),Chi2,2,NA,=,157.05,<,0.001,7.889069981094186e-35,"χ2 (2) = 157.05, p < 0.001",FALSE,FALSE,FALSE,FALSE,0.63
Rapid generalization in phonotactic learning (2017),Chi2,2,NA,=,78.6,<,0.001,8.555134883887181e-18,"χ2(2) = 78.6, p < .001",FALSE,FALSE,FALSE,FALSE,1
Rapid generalization in phonotactic learning (2017),Chi2,3,NA,=,7.7,=,0.05,0.05263626600872373,"χ2(3) = 7.7, p = .05",FALSE,FALSE,FALSE,FALSE,1
Rapid generalization in phonotactic learning (2017),Chi2,6,NA,=,13.6,=,0.03,0.03443792757136132,"χ2(6) = 13.6, p = .03",FALSE,FALSE,FALSE,FALSE,1
Rapid generalization in phonotactic learning (2017),Chi2,1,NA,=,18.4,<,0.001,1.790579815739061e-5,"χ2(1) = 18.4, p < .001",FALSE,FALSE,FALSE,FALSE,1
Rapid generalization in phonotactic learning (2017),Chi2,3,NA,=,10.3,=,0.02,0.016180836829565854,"χ2(3) = 10.3, p = .02",FALSE,FALSE,FALSE,FALSE,1
Rapid generalization in phonotactic learning (2017),Chi2,3,NA,=,9.9,=,0.02,0.019435580728320245,"χ2(3) = 9.9, p = .02",FALSE,FALSE,FALSE,FALSE,1
Rapid generalization in phonotactic learning (2017),Chi2,1,NA,=,0.94,=,0.33,0.33227784165677143,"χ2(1) = .94, p = .33",FALSE,FALSE,FALSE,FALSE,1
Rapid generalization in phonotactic learning (2017),Chi2,1,NA,=,8.1,=,0.004,0.00442652585791983," χ2(1) = 8.1, p = .004",FALSE,FALSE,FALSE,FALSE,1
Rapid generalization in phonotactic learning (2017),Chi2,1,NA,=,3.15,=,0.08,0.0759269629825577," χ2(1) = 3.15, p = .08",FALSE,FALSE,FALSE,FALSE,1
Rapid generalization in phonotactic learning (2017),Chi2,1,NA,=,14.9,<,0.001,1.1336298535001734e-4," χ2(1) = 14.9, p < .001",FALSE,FALSE,FALSE,FALSE,1
Rapid generalization in phonotactic learning (2017),Chi2,1,NA,=,32,<,0.001,1.541725790028e-8,"χ2(1) = 32.0, p < .001",FALSE,FALSE,FALSE,FALSE,1
Rapid generalization in phonotactic learning (2017),Chi2,3,NA,=,0.6,=,0.9,0.8964323733419115,"χ2(3) = 0.6, p = .9",FALSE,FALSE,FALSE,FALSE,1
Rapid generalization in phonotactic learning (2017),Chi2,3,NA,=,2.85,=,0.41,0.4153350291627988,"χ2(3) = 2.85, p = .41",FALSE,FALSE,FALSE,FALSE,1
Rapid generalization in phonotactic learning (2017),Chi2,1,NA,=,12,<,0.001,5.320055051392497e-4," χ2(1) = 12.0, p < .001",FALSE,FALSE,FALSE,FALSE,1
Rapid generalization in phonotactic learning (2017),Chi2,1,NA,=,2.56,=,0.11,0.10959858339911602," χ2(1) = 2.56, p = .11",FALSE,FALSE,FALSE,FALSE,1
Rapid generalization in phonotactic learning (2017),Chi2,1,NA,=,8.08,=,0.004,0.004475644568914419," χ2(1) = 8.08, p = .004",FALSE,FALSE,FALSE,FALSE,1
Rapid generalization in phonotactic learning (2017),Chi2,1,NA,=,11.6,<,0.001,6.595181936910384e-4," χ2(1) = 11.6, p < .001",FALSE,FALSE,FALSE,FALSE,1
Rapid generalization in phonotactic learning (2017),Chi2,1,NA,=,7.57,=,0.006,0.00593477841873063,"χ2(1) = 7.57, p = .006",FALSE,FALSE,FALSE,FALSE,1
Rapid generalization in phonotactic learning (2017),Chi2,3,NA,=,25.6,<,0.001,1.1565311497455471e-5,"χ2(3) = 25.6, p < .001",FALSE,FALSE,FALSE,FALSE,1
Rapid generalization in phonotactic learning (2017),Chi2,1,NA,=,11.7,<,0.001,6.250009784932364e-4,"χ2(1) = 11.7, p < .001",FALSE,FALSE,FALSE,FALSE,1
Rapid generalization in phonotactic learning (2017),Chi2,1,NA,=,11.1,<,0.001,8.632771938725243e-4,"χ2(1) = 11.1, p < .001",FALSE,FALSE,FALSE,FALSE,1
Rapid generalization in phonotactic learning (2017),Chi2,3,NA,=,35.6,<,0.001,9.097995429420238e-8,"χ2(3) = 35.6, p < .001",FALSE,FALSE,FALSE,FALSE,1
Rapid generalization in phonotactic learning (2017),Chi2,3,NA,=,1.3,=,0.73,0.7291330762712481,"χ2(3) = 1.3, p = .73",FALSE,FALSE,FALSE,FALSE,1
Rapid generalization in phonotactic learning (2017),Chi2,1,NA,=,0.04,=,0.85,0.8414805811217939,"χ2(1) = .04, p = .85",FALSE,FALSE,FALSE,FALSE,1
Rapid generalization in phonotactic learning (2017),Chi2,3,NA,=,8.44,=,0.04,0.03774185202402143,"χ2(3) = 8.44, p = .04",FALSE,FALSE,FALSE,FALSE,1
Rapid generalization in phonotactic learning (2017),Chi2,1,NA,=,9.4,=,0.002,0.002169854427130119,"χ2(1) = 9.4, p = .002",FALSE,FALSE,FALSE,FALSE,1
Rapid generalization in phonotactic learning (2017),Chi2,1,NA,=,0.02,=,0.9,0.887537083981715," χ2(1) = .02, p = .9",FALSE,FALSE,FALSE,FALSE,1
Rapid generalization in phonotactic learning (2017),Chi2,1,NA,=,0.5,=,0.47,0.4795001221869535," χ2(1) = .5, p = .47",FALSE,FALSE,FALSE,FALSE,1
Rapid generalization in phonotactic learning (2017),Chi2,1,NA,=,11.6,<,0.001,6.595181936910384e-4,"χ2(1) = 11.6, p < .001",FALSE,FALSE,FALSE,FALSE,1
Rapid generalization in phonotactic learning (2017),Chi2,1,NA,=,7,=,0.008,0.008150971593502698,"χ2(1) = 7, p = .008",FALSE,FALSE,FALSE,FALSE,1
Rapid generalization in phonotactic learning (2017),Chi2,1,NA,=,1.6,=,0.21,0.20590321073206835,"χ2(1) = 1.6, p = .21",FALSE,FALSE,FALSE,FALSE,1
Rapid generalization in phonotactic learning (2017),Chi2,1,NA,=,9.4,=,0.002,0.002169854427130119," χ2(1) = 9.4, p = .002",FALSE,FALSE,FALSE,FALSE,1
Rapid generalization in phonotactic learning (2017),Chi2,1,NA,=,8.5,=,0.004,0.003551464807706076," χ2(1) = 8.5, p = .004",FALSE,FALSE,FALSE,FALSE,1
Rapid generalization in phonotactic learning (2017),Chi2,1,NA,=,0.6,=,0.26,0.43857802608099994," χ2(1) = .6, p = .26",TRUE,FALSE,FALSE,FALSE,1
Rapid generalization in phonotactic learning (2017),Chi2,1,NA,=,17,<,0.001,3.737981840170154e-5," χ2(1) = 17, p < .001",FALSE,FALSE,FALSE,FALSE,1
Rapid generalization in phonotactic learning (2017),Chi2,1,NA,=,9.2,=,0.002,0.0024201512716478485," χ2(1) = 9.2, p = .002",FALSE,FALSE,FALSE,FALSE,1
Rapid generalization in phonotactic learning (2017),Chi2,1,NA,=,4.28,=,0.04,0.03856334828676973,"χ2(1) = 4.28, p = .04",FALSE,FALSE,FALSE,FALSE,1
Rapid generalization in phonotactic learning (2017),Chi2,1,NA,=,17.6,<,0.001,2.7258834694036564e-5,"χ2(1) = 17.6, p < .001",FALSE,FALSE,FALSE,FALSE,1
Rapid generalization in phonotactic learning (2017),Chi2,1,NA,=,0.34,=,0.56,0.559829221917077,"χ2(1) = .34, p = .56",FALSE,FALSE,FALSE,FALSE,1
Rapid generalization in phonotactic learning (2017),Chi2,1,NA,=,29.2,<,0.001,6.527920560967465e-8," χ2(1) = 29.2, p < .001",FALSE,FALSE,FALSE,FALSE,1
Rapid generalization in phonotactic learning (2017),Chi2,1,NA,=,8.8,=,0.003,0.0030123054507454872," χ2(1) = 8.8, p = .003",FALSE,FALSE,FALSE,FALSE,1
Rapid generalization in phonotactic learning (2017),Chi2,1,NA,=,0.7,=,0.41,0.4027836942464757,"χ2(1) = .7, p = .41",FALSE,FALSE,FALSE,FALSE,1
Rapid generalization in phonotactic learning (2017),Chi2,1,NA,=,4.77,=,0.03,0.028959825693397157,"χ2(1) = 4.77, p = .03",FALSE,FALSE,FALSE,FALSE,1
Rapid generalization in phonotactic learning (2017),Chi2,1,NA,=,0.05,=,0.83,0.8230632737581215,"χ2(1) = .05, p = .83",FALSE,FALSE,FALSE,FALSE,1
Rapid generalization in phonotactic learning (2017),Chi2,2,NA,=,27.6,<,0.001,1.0156314710024903e-6,"χ2(2) = 27.6, p < .001",FALSE,FALSE,FALSE,FALSE,1
Rapid generalization in phonotactic learning (2017),Chi2,1,NA,=,27.4,<,0.001,1.6543123763386872e-7,"χ2(1) = 27.4, p < .001",FALSE,FALSE,FALSE,FALSE,1
Rapid generalization in phonotactic learning (2017),Chi2,1,NA,=,0.57,=,0.45,0.4502589163819718,"χ2(1) = .57, p = .45",FALSE,FALSE,FALSE,FALSE,1
Rapid generalization in phonotactic learning (2017),Chi2,1,NA,=,5.4,=,0.02,0.02013675155034635,"χ2(1) = 5.4, p = .02",FALSE,FALSE,FALSE,FALSE,1
Rapid generalization in phonotactic learning (2017),Chi2,2,NA,=,1.8,=,0.4,0.4065696597405991,"χ2(2) = 1.8, p = .4",FALSE,FALSE,FALSE,FALSE,1
Rapid generalization in phonotactic learning (2017),Chi2,2,NA,=,12,=,0.002,0.0024787521766663585,"χ2(2) = 12, p = .002",FALSE,FALSE,FALSE,FALSE,1
Rapid generalization in phonotactic learning (2017),Chi2,1,NA,=,4.11,=,0.04,0.04263036244661077," χ2(1) = 4.11, p = .04",FALSE,FALSE,FALSE,FALSE,1
Rapid generalization in phonotactic learning (2017),Chi2,1,NA,=,5.99,=,0.01,0.01438720237400716," χ2(1) = 5.99, p = .01",FALSE,FALSE,FALSE,FALSE,1
Rapid generalization in phonotactic learning (2017),Chi2,1,NA,=,2.68,=,0.1,0.10161572831065618,"χ2(1) = 2.68, p = .1",FALSE,FALSE,FALSE,FALSE,1
Rapid generalization in phonotactic learning (2017),Chi2,2,NA,=,12.8,=,0.002,0.001661557273173934,"χ2(2) = 12.8, p = .002",FALSE,FALSE,FALSE,FALSE,1
Rapid generalization in phonotactic learning (2017),Chi2,1,NA,=,0.13,=,0.72,0.7184320389103389,"χ2(1) = 0.13, p = .72",FALSE,FALSE,FALSE,FALSE,1
Rapid generalization in phonotactic learning (2017),Chi2,2,NA,=,1.22,=,0.54,0.5433508690744998,"χ2(2) = 1.22, p = .54",FALSE,FALSE,FALSE,FALSE,1
Rapid generalization in phonotactic learning (2017),Chi2,1,NA,=,8.3,=,0.004,0.003964507848294024,"χ2(1) = 8.3, p = .004",FALSE,FALSE,FALSE,FALSE,1
Rapid generalization in phonotactic learning (2017),Chi2,1,NA,=,0.4,=,0.53,0.5270892568655381,"χ2(1) = .4, p = .53",FALSE,FALSE,FALSE,FALSE,1
Rapid generalization in phonotactic learning (2017),Chi2,1,NA,=,1.5,=,0.21,0.22067136191984676,"χ2(1) = 1.5, p = .21",FALSE,FALSE,FALSE,FALSE,1
Rapid generalization in phonotactic learning (2017),Chi2,1,NA,=,1.2,=,0.27,0.2733216782922982,"χ2(1) = 1.2, p = .27",FALSE,FALSE,FALSE,FALSE,1
Rapid generalization in phonotactic learning (2017),Chi2,1,NA,=,0,=,0.96,1,"χ2(1) = 0, p = .96",FALSE,FALSE,FALSE,FALSE,1
Rapid generalization in phonotactic learning (2017),Chi2,1,NA,=,2.79,=,0.09,0.09485422745357874,"χ2(1) = 2.79, p = .09",FALSE,FALSE,FALSE,FALSE,1
Rapid generalization in phonotactic learning (2017),Chi2,2,NA,=,6.2,=,0.04,0.0450492023935578,"χ2(2) = 6.2, p = .04",FALSE,FALSE,FALSE,FALSE,1
Rapid generalization in phonotactic learning (2017),Chi2,2,NA,=,1.6,=,0.44,0.4493289641172216," χ2(2) = 1.6, p = .44",FALSE,FALSE,FALSE,FALSE,1
Rapid generalization in phonotactic learning (2017),Chi2,4,NA,=,7.2,=,0.13,0.12568912325754578," χ2(4) = 7.2, p = .13",FALSE,FALSE,FALSE,FALSE,1
Shared Representations Underlie Metaphonological Judgments and Speech Motor Control (2017),F,3,4009,=,603.1,<,0.001,2e-323,"F(3,4009) = 603.1, p < 0.001",FALSE,FALSE,FALSE,FALSE,0.12
Shared Representations Underlie Metaphonological Judgments and Speech Motor Control (2017),F,4,4009,=,200,<,0.001,1.353056173731748e-156,"F(4,4009) = 200.0, p < 0.001",FALSE,FALSE,FALSE,FALSE,0.12
Shared Representations Underlie Metaphonological Judgments and Speech Motor Control (2017),F,42,3967,=,15.5,<,0.01,5.2932561210523176e-101,"F(42, 3967) = 15.5, p < 0.01",FALSE,FALSE,FALSE,FALSE,0.12
Shared Representations Underlie Metaphonological Judgments and Speech Motor Control (2017),F,8,3359,=,43.3,<,0.001,1.6977066266058345e-66,"F(8,3359) = 43.3, p < 0.001",FALSE,FALSE,FALSE,FALSE,0.12
Sociolinguistic effects on loanword phonology: Topic in speech and cultural image (2017),Z,NA,NA,=,-2.72,<,0.01,0.006528191631782622,"Z = -2.72, p < 0.01",FALSE,FALSE,FALSE,FALSE,0.26
Sociolinguistic effects on loanword phonology: Topic in speech and cultural image (2017),Z,NA,NA,=,7.1,<,0.001,1.2475688926663181e-12,"Z = 7.1, p < 0.001",FALSE,FALSE,FALSE,FALSE,0.26
Sociolinguistic effects on loanword phonology: Topic in speech and cultural image (2017),Z,NA,NA,=,3.11,<,0.01,0.0018708734390281995,"Z = 3.11, p < 0.01",FALSE,FALSE,FALSE,FALSE,0.26
Sociolinguistic effects on loanword phonology: Topic in speech and cultural image (2017),Z,NA,NA,=,7.5,<,0.001,6.381783345821793e-14,"Z = 7.5, p < 0.001",FALSE,FALSE,FALSE,FALSE,0.26
Sociolinguistic effects on loanword phonology: Topic in speech and cultural image (2017),Z,NA,NA,=,0.9,=,0.36,0.368120250693519,"Z = 0.9, p = 0.36",FALSE,FALSE,FALSE,FALSE,0.26
Sociolinguistic effects on loanword phonology: Topic in speech and cultural image (2017),Z,NA,NA,=,3.46,<,0.001,5.401753879269493e-4,"Z = 3.46, p < 0.001",FALSE,FALSE,FALSE,FALSE,0.26
Sociolinguistic effects on loanword phonology: Topic in speech and cultural image (2017),Z,NA,NA,=,3.71,<,0.001,2.0725924734806217e-4,"Z = 3.71, p < 0.001",FALSE,FALSE,FALSE,FALSE,0.26
Sociolinguistic effects on loanword phonology: Topic in speech and cultural image (2017),Z,NA,NA,=,0.12,<,0.05,0.9044831479588323,"Z = 0.12, p < 0.05",TRUE,TRUE,FALSE,FALSE,0.26
Sociolinguistic effects on loanword phonology: Topic in speech and cultural image (2017),Z,NA,NA,=,3.23,<,0.01,0.00123790218077367,"Z = 3.23, p < 0.01",FALSE,FALSE,FALSE,FALSE,0.26
Sociolinguistic effects on loanword phonology: Topic in speech and cultural image (2017),Z,NA,NA,=,2.85,<,0.01,0.004371922909826479,"Z = 2.85, p < 0.01",FALSE,FALSE,FALSE,FALSE,0.26
Sociolinguistic effects on loanword phonology: Topic in speech and cultural image (2017),Z,NA,NA,=,-2.97,<,0.01,0.00297799749047493,"Z = -2.97, p < 0.01",FALSE,FALSE,FALSE,FALSE,0.26
Sociolinguistic effects on loanword phonology: Topic in speech and cultural image (2017),Z,NA,NA,=,1.71,=,0.08,0.08726587304806381,"Z = 1.71, p = 0.08",TRUE,FALSE,FALSE,FALSE,0.26
Statistical and acoustic effects on the perception of stop consonants in Kaqchikel (Mayan) (2017),Chi2,5,NA,=,23.6,<,0.001,2.591038193253438e-4," χ2(5) = 23.6, p < .001",FALSE,FALSE,FALSE,TRUE,0.3
Statistical and acoustic effects on the perception of stop consonants in Kaqchikel (Mayan) (2017),Z,NA,NA,=,0.268,>,0.788,0.7886993187333966,"Z = 0.268, p > 0.788",FALSE,FALSE,FALSE,TRUE,0.3
Statistical and acoustic effects on the perception of stop consonants in Kaqchikel (Mayan) (2017),Z,NA,NA,=,0.323,>,0.746,0.7466952420639433,"Z = 0.323, p > 0.746",FALSE,FALSE,FALSE,TRUE,0.3
Surface and Structure: Transcribing Intonation within and across Languages (2017),F,1,58,=,22.48,<,0.001,1.4213919563837749e-5,"F(1,58) = 22.48, p < .001",FALSE,FALSE,FALSE,FALSE,1
Surface and Structure: Transcribing Intonation within and across Languages (2017),F,1,58,=,153.19,<,0.001,6.445553534315243e-18,"F(1,58) = 153.19, p < .001",FALSE,FALSE,FALSE,FALSE,1
Surface and Structure: Transcribing Intonation within and across Languages (2017),F,1,58,=,20.32,<,0.001,3.233959082191623e-5,"F(1,58) = 20.32, p < .001",FALSE,FALSE,FALSE,FALSE,1
Surface and Structure: Transcribing Intonation within and across Languages (2017),F,1,58,=,6.94,<,0.05,0.010790658247295002,"F(1,58) = 6.94, p < .05",FALSE,FALSE,FALSE,FALSE,1
Surface and Structure: Transcribing Intonation within and across Languages (2017),F,1,58,=,12.86,<,0.01,6.895395727705642e-4,"F(1,58) = 12.86, p < .01",FALSE,FALSE,FALSE,FALSE,1
Surface and Structure: Transcribing Intonation within and across Languages (2017),Z,NA,NA,=,-2.64,<,0.01,0.00829060272207208,"Z = -2.64, p < .01",FALSE,FALSE,FALSE,FALSE,1
Surface and Structure: Transcribing Intonation within and across Languages (2017),Z,NA,NA,=,-0.81,=,0.42,0.4179401757432032,"Z = -.81, p = .42",FALSE,FALSE,FALSE,FALSE,1
Talker and background noise specificity in spoken word recognition memory (2017),Chi2,1,NA,=,36.512,<,0.001,1.517292668371746e-9," χ2(1) = 36.512, p < 0.001",FALSE,FALSE,FALSE,FALSE,0.5
Talker and background noise specificity in spoken word recognition memory (2017),Chi2,1,NA,=,6.472,=,0.011,0.010958713818757763," χ2(1) = 6.472, p = 0.011",FALSE,FALSE,FALSE,FALSE,0.5
Talker and background noise specificity in spoken word recognition memory (2017),Chi2,1,NA,=,9.852,=,0.002,0.0016964722282970992," χ2(1) = 9.852, p = 0.002",FALSE,FALSE,FALSE,FALSE,0.5
Talker and background noise specificity in spoken word recognition memory (2017),Chi2,1,NA,=,16.86,<,0.001,4.024074621569862e-5," χ2(1) = 16.86, p < 0.001",FALSE,FALSE,FALSE,FALSE,0.5
The Distribution of Talker Variability Impacts Infants’ Word Learning (2017),F,2,34,=,16.6,<,0.001,9.32961984369309e-6,"F(2,34) = 16.6, p < .001",FALSE,FALSE,FALSE,TRUE,0.51
The Distribution of Talker Variability Impacts Infants’ Word Learning (2017),t,NA,17,=,3.16,<,0.005,0.005718826743639709,"t(17) = 3.16, p < .005",TRUE,FALSE,FALSE,TRUE,0.51
The Distribution of Talker Variability Impacts Infants’ Word Learning (2017),t,NA,17,=,5.99,<,0.001,1.4625101791527433e-5,"t(17) = 5.99, p < .001",FALSE,FALSE,FALSE,TRUE,0.51
The Distribution of Talker Variability Impacts Infants’ Word Learning (2017),t,NA,17,=,2.1,<,0.05,0.05095984722913401,"t(17) = 2.10, p < .05",TRUE,TRUE,TRUE,TRUE,0.51
The Distribution of Talker Variability Impacts Infants’ Word Learning (2017),F,1,16,=,21.82,<,0.001,2.555066488662779e-4,"F(1,16) = 21.82, p < .001",FALSE,FALSE,FALSE,TRUE,0.51
The Distribution of Talker Variability Impacts Infants’ Word Learning (2017),F,1,16,=,22.17,<,0.001,2.3669054576383724e-4,"F(1,16) = 22.17, p < .001",FALSE,FALSE,FALSE,TRUE,0.51
The Distribution of Talker Variability Impacts Infants’ Word Learning (2017),F,1,16,=,15.16,<,0.005,0.0012911052886268298,"F(1,16) = 15.16, p < .005",FALSE,FALSE,FALSE,TRUE,0.51
The Distribution of Talker Variability Impacts Infants’ Word Learning (2017),F,1,16,=,21.33,<,0.001,2.847501096882952e-4,"F(1,16) = 21.33, p < .001",FALSE,FALSE,FALSE,TRUE,0.51
The Distribution of Talker Variability Impacts Infants’ Word Learning (2017),F,1,16,=,16.35,=,0.001,9.418465345567843e-4,"F(1,16) = 16.35, p = .001",FALSE,FALSE,FALSE,TRUE,0.51
The Distribution of Talker Variability Impacts Infants’ Word Learning (2017),F,1,16,=,119.8,<,0.001,7.707446970986884e-9,"F(1,16) = 119.8, p < .001",FALSE,FALSE,FALSE,TRUE,0.51
The Distribution of Talker Variability Impacts Infants’ Word Learning (2017),F,1,16,=,79.41,<,0.001,1.3317418107564663e-7,"F(1,16) = 79.41, p < .001",FALSE,FALSE,FALSE,TRUE,0.51
The Distribution of Talker Variability Impacts Infants’ Word Learning (2017),F,1,9,=,4.1,=,0.07,0.07354425082286804,"F(1,9) = 4.1, p = .07",FALSE,FALSE,FALSE,TRUE,0.51
The Distribution of Talker Variability Impacts Infants’ Word Learning (2017),t,NA,9,=,2.38,<,0.05,0.04122769177993119,"t(9) = 2.38, p < .05",FALSE,FALSE,FALSE,TRUE,0.51
The Distribution of Talker Variability Impacts Infants’ Word Learning (2017),F,2,64,=,9.02,<,0.001,3.539470631898635e-4,"F(2,64) = 9.02, p < .001",FALSE,FALSE,FALSE,TRUE,0.51
The Distribution of Talker Variability Impacts Infants’ Word Learning (2017),t,NA,35,=,3.9,<,0.001,4.1651656898506373e-4,"t(35) = 3.90, p < .001",FALSE,FALSE,FALSE,TRUE,0.51
The Distribution of Talker Variability Impacts Infants’ Word Learning (2017),t,NA,35,=,3.4,=,0.001,0.0016978503347477455,"t(35) = 3.40, p = .001",TRUE,FALSE,TRUE,TRUE,0.51
The Distribution of Talker Variability Impacts Infants’ Word Learning (2017),F,2,104,=,26.08,<,0.001,6.60851723173528e-10,"F(2,104) = 26.08, p < .001",FALSE,FALSE,FALSE,TRUE,0.51
The Distribution of Talker Variability Impacts Infants’ Word Learning (2017),t,NA,53,=,5.04,<,0.001,5.7676189888658594e-6,"t(53) = 5.04, p < .001",FALSE,FALSE,FALSE,TRUE,0.51
The Distribution of Talker Variability Impacts Infants’ Word Learning (2017),t,NA,53,=,5.9,<,0.001,2.6107023454663387e-7,"t(53) = 5.90, p < .001",FALSE,FALSE,FALSE,TRUE,0.51
The Distribution of Talker Variability Impacts Infants’ Word Learning (2017),F,2,104,=,3.97,<,0.05,0.021802079044171724,"F(2,104) = 3.97, p < .05",FALSE,FALSE,FALSE,TRUE,0.51
The Distribution of Talker Variability Impacts Infants’ Word Learning (2017),t,NA,52,=,-1.17,=,0.25,0.2473355946239135,"t(52) = -1.17, p = .25",FALSE,FALSE,FALSE,TRUE,0.51
The Distribution of Talker Variability Impacts Infants’ Word Learning (2017),t,NA,52,=,-0.01,=,0.99,0.9920595546969966,"t(52) = -0.01, p = .99",FALSE,FALSE,FALSE,TRUE,0.51
The Distribution of Talker Variability Impacts Infants’ Word Learning (2017),t,NA,52,=,2.02,<,0.05,0.04854933023831415,"t(52) = 2.02, p < .05",FALSE,FALSE,FALSE,TRUE,0.51
The gradient influence of temporal extent of coarticulation on vowel and speaker perception (2017),t,NA,2205,=,1,=,0.3,0.31742023271013586,"t(2205) = 1, p = .3",FALSE,FALSE,FALSE,FALSE,0.6
The gradient influence of temporal extent of coarticulation on vowel and speaker perception (2017),t,NA,2214,=,3.2,<,0.001,0.0013937203939245993,"t(2214) = 3.2, p < .001",TRUE,FALSE,FALSE,FALSE,0.6
The gradient influence of temporal extent of coarticulation on vowel and speaker perception (2017),Z,NA,NA,=,-0.6,=,0.5,0.5485062355001472,"Z = -.6, p = 0.5",FALSE,FALSE,FALSE,FALSE,0.6
The gradient influence of temporal extent of coarticulation on vowel and speaker perception (2017),Z,NA,NA,=,-2.2,<,0.05,0.02780689502699721,"Z = -2.2, p < .05",FALSE,FALSE,FALSE,FALSE,0.6
The gradient influence of temporal extent of coarticulation on vowel and speaker perception (2017),Z,NA,NA,=,2.2,<,0.05,0.02780689502699721,"Z = 2.2, p < .05",FALSE,FALSE,FALSE,FALSE,0.6
The gradient influence of temporal extent of coarticulation on vowel and speaker perception (2017),Z,NA,NA,=,3.3,<,0.001,9.668482847675549e-4,"Z = 3.3, p < .001",FALSE,FALSE,FALSE,FALSE,0.6
The imitation of coarticulatory timing patterns in consonant clusters for phonotactically familiar and unfamiliar sequences (2017),t,NA,6,=,-6.3,<,0.001,7.455592304945765e-4,"t(6) = -6.3, p < .001",FALSE,FALSE,FALSE,FALSE,0.19
The imitation of coarticulatory timing patterns in consonant clusters for phonotactically familiar and unfamiliar sequences (2017),t,NA,6,=,-13.3,<,0.001,1.1172503451965476e-5,"t(6) = -13.3, p < .001",FALSE,FALSE,FALSE,FALSE,0.19
The imitation of coarticulatory timing patterns in consonant clusters for phonotactically familiar and unfamiliar sequences (2017),t,NA,20,=,14.3,<,0.001,5.790009889903325e-12,"t(20) = 14.3, p < .001",FALSE,FALSE,FALSE,FALSE,0.19
The imitation of coarticulatory timing patterns in consonant clusters for phonotactically familiar and unfamiliar sequences (2017),t,NA,20,=,6.3,<,0.001,3.7706434788852133e-6,"t(20) = 6.3, p < .001",FALSE,FALSE,FALSE,FALSE,0.19
The imitation of coarticulatory timing patterns in consonant clusters for phonotactically familiar and unfamiliar sequences (2017),r,NA,1177.68,=,21.6,<,0.001,NA,"r (1177.68) = 21.6, p < .001",NA,NA,FALSE,FALSE,0.19
"The interplay of information structure, semantics, prosody, and word ordering in Spanish intransitives (2017)",Z,NA,NA,=,-0.616,=,0.53,0.5378945197945324,"Z = -0.616, p = 0.53",TRUE,FALSE,FALSE,FALSE,0.17
"The interplay of information structure, semantics, prosody, and word ordering in Spanish intransitives (2017)",Z,NA,NA,=,8.71,<,0.001,3.0387479631410677e-18,"Z = 8.71, p < .001",FALSE,FALSE,FALSE,FALSE,0.17
The Interpretation of Prosodic Variability in the Context of Accompanying Sociophonetic Cues (2017),Chi2,1,NA,=,43.47,<,1e-4,4.305090431456426e-11,"χ2(1) = 43.47, p < 0.0001",FALSE,FALSE,FALSE,FALSE,0.54
The Interpretation of Prosodic Variability in the Context of Accompanying Sociophonetic Cues (2017),Chi2,1,NA,=,16.52,<,1e-4,4.813960723941491e-5,"χ2(1) = 16.52, p < 0.0001",FALSE,FALSE,FALSE,FALSE,0.54
The Interpretation of Prosodic Variability in the Context of Accompanying Sociophonetic Cues (2017),Chi2,1,NA,=,4.31,<,0.05,0.03788896163422802,"χ2(1) = 4.31, p < 0.05",FALSE,FALSE,FALSE,FALSE,0.54
The Interpretation of Prosodic Variability in the Context of Accompanying Sociophonetic Cues (2017),Chi2,1,NA,=,11.61,<,0.001,6.559815256120369e-4,"χ2(1) = 11.61, p < 0.001",FALSE,FALSE,FALSE,FALSE,0.54
The Interpretation of Prosodic Variability in the Context of Accompanying Sociophonetic Cues (2017),Chi2,1,NA,=,46.46,<,1e-4,9.350792578491116e-12,"χ2(1) = 46.46, p < 0.0001",FALSE,FALSE,FALSE,FALSE,0.54
The Interpretation of Prosodic Variability in the Context of Accompanying Sociophonetic Cues (2017),Chi2,1,NA,=,21.82,<,1e-4,2.994622792103775e-6," χ2(1) = 21.82, p < 0.0001",FALSE,FALSE,FALSE,FALSE,0.54
The Interpretation of Prosodic Variability in the Context of Accompanying Sociophonetic Cues (2017),Chi2,1,NA,=,8.79,<,0.005,0.003028862492063444,"χ2(1) = 8.79, p < 0.005",FALSE,FALSE,FALSE,FALSE,0.54
The role of intonation and visual cues in the perception of sentence types: Evidence from European Portuguese varieties (2017),F,1,18,=,0.821,>,0.1,0.37685772543131335,"F(1, 18) = .821, p > .1",FALSE,FALSE,FALSE,FALSE,0.82
The role of intonation and visual cues in the perception of sentence types: Evidence from European Portuguese varieties (2017),F,1,18,=,205.737,<,0.001,2.7190572458798495e-11,"F(1, 18) = 205.737, p < .001",FALSE,FALSE,FALSE,FALSE,0.82
The role of intonation and visual cues in the perception of sentence types: Evidence from European Portuguese varieties (2017),F,2,36,=,18.048,<,0.001,3.724293962794976e-6,"F(2, 36) = 18.048, p < .001",FALSE,FALSE,FALSE,FALSE,0.82
The role of intonation and visual cues in the perception of sentence types: Evidence from European Portuguese varieties (2017),F,2,36,=,212.862,<,0.001,1.1338638911504664e-20,"F(2, 36) = 212.862, p < .001",FALSE,FALSE,FALSE,FALSE,0.82
The role of intonation and visual cues in the perception of sentence types: Evidence from European Portuguese varieties (2017),t,NA,19,=,-2.485,<,0.05,0.02243816308075554,"t(19) = -2.485, p < .05",FALSE,FALSE,FALSE,FALSE,0.82
The role of intonation and visual cues in the perception of sentence types: Evidence from European Portuguese varieties (2017),F,1,18,=,1.213,>,0.1,0.28524889441002216,"F(1, 18) = 1.213, p > .1",FALSE,FALSE,FALSE,FALSE,0.82
The role of intonation and visual cues in the perception of sentence types: Evidence from European Portuguese varieties (2017),F,1,18,=,3.035,>,0.05,0.09854715834778661,"F(1, 18) = 3.035, p > .05",FALSE,FALSE,FALSE,FALSE,0.82
The role of intonation and visual cues in the perception of sentence types: Evidence from European Portuguese varieties (2017),F,2,36,=,43.516,<,0.001,2.4724043733586865e-10,"F(2, 36) = 43.516, p < .001",FALSE,FALSE,FALSE,FALSE,0.82
The role of intonation and visual cues in the perception of sentence types: Evidence from European Portuguese varieties (2017),F,2,36,=,26.139,<,0.001,9.729718544116305e-8,"F(2, 36) = 26.139, p < .001",FALSE,FALSE,FALSE,FALSE,0.82
The role of intonation and visual cues in the perception of sentence types: Evidence from European Portuguese varieties (2017),t,NA,38,=,-0.405,>,0.1,0.6877485144013205,"t(38) = -.405, p > .1",FALSE,FALSE,FALSE,FALSE,0.82
The role of intonation and visual cues in the perception of sentence types: Evidence from European Portuguese varieties (2017),t,NA,38,=,-1.496,>,0.1,0.14291352962574286,"t(38) = -1.496, p > .1",FALSE,FALSE,FALSE,FALSE,0.82
The role of intonation and visual cues in the perception of sentence types: Evidence from European Portuguese varieties (2017),t,NA,19,=,-5.677,<,0.001,1.793900233106403e-5,"t(19) = -5.677, p < .001",FALSE,FALSE,FALSE,FALSE,0.82
The role of intonation and visual cues in the perception of sentence types: Evidence from European Portuguese varieties (2017),F,1,18,=,0.669,>,0.1,0.42409608703521817,"F(1, 18) = .669, p > .1",FALSE,FALSE,FALSE,FALSE,0.82
The role of intonation and visual cues in the perception of sentence types: Evidence from European Portuguese varieties (2017),F,1,18,=,10.46,<,0.01,0.004602896624325954,"F(1, 18) = 10.46, p < .01",FALSE,FALSE,FALSE,FALSE,0.82
The role of intonation and visual cues in the perception of sentence types: Evidence from European Portuguese varieties (2017),F,2,36,=,8.23,<,0.01,0.0011390318318841382,"F(2, 36) = 8.23, p < .01",FALSE,FALSE,FALSE,FALSE,0.82
The role of intonation and visual cues in the perception of sentence types: Evidence from European Portuguese varieties (2017),F,2,36,=,0.123,>,0.1,0.8846336674852472,"F(2, 36) = .123, p > .1",FALSE,FALSE,FALSE,FALSE,0.82
The role of intonation and visual cues in the perception of sentence types: Evidence from European Portuguese varieties (2017),Z,NA,NA,=,-1.138,>,0.1,0.2551204823351929,"Z = -1.138, p > .1",FALSE,FALSE,FALSE,FALSE,0.82
The role of intonation and visual cues in the perception of sentence types: Evidence from European Portuguese varieties (2017),Z,NA,NA,=,-1.362,>,0.1,0.17319788511674433,"Z = -1.362, p > .1",FALSE,FALSE,FALSE,FALSE,0.82
The role of intonation and visual cues in the perception of sentence types: Evidence from European Portuguese varieties (2017),Z,NA,NA,=,-0.734,>,0.1,0.4629487380834755,"Z = -.734, p > .1",FALSE,FALSE,FALSE,FALSE,0.82
The role of intonation and visual cues in the perception of sentence types: Evidence from European Portuguese varieties (2017),Z,NA,NA,=,-0.8,>,0.1,0.42371079716679333,"Z = -.800, p > .1",FALSE,FALSE,FALSE,FALSE,0.82
The role of intonation and visual cues in the perception of sentence types: Evidence from European Portuguese varieties (2017),Z,NA,NA,=,-1.782,>,0.05,0.07474923173370211,"Z = -1.782, p > .05",FALSE,FALSE,FALSE,FALSE,0.82
The role of intonation and visual cues in the perception of sentence types: Evidence from European Portuguese varieties (2017),F,1,18,=,0.627,>,0.1,0.4387690119512948,"F(1, 18) = .627, p > .1",FALSE,FALSE,FALSE,FALSE,0.82
The role of intonation and visual cues in the perception of sentence types: Evidence from European Portuguese varieties (2017),F,2,36,=,9.166,<,0.01,6.059580473574804e-4,"F(2, 36) = 9.166, p < .01",FALSE,FALSE,FALSE,FALSE,0.82
The role of intonation and visual cues in the perception of sentence types: Evidence from European Portuguese varieties (2017),F,1,18,=,7.386,<,0.05,0.014110097396357142,"F(1, 18) = 7.386, p < .05",FALSE,FALSE,FALSE,FALSE,0.82
The role of intonation and visual cues in the perception of sentence types: Evidence from European Portuguese varieties (2017),F,1,18,=,1.689,>,0.1,0.2101314998186931,"F(1, 18) = 1.689, p > .1",FALSE,FALSE,FALSE,FALSE,0.82
The role of intonation and visual cues in the perception of sentence types: Evidence from European Portuguese varieties (2017),Z,NA,NA,=,-1.835,=,0.033,0.0665056894568505,"Z = -1.835, p = .033",TRUE,TRUE,TRUE,FALSE,0.82
The role of intonation and visual cues in the perception of sentence types: Evidence from European Portuguese varieties (2017),F,1,38,=,0.18,>,0.1,0.6737655995383864,"F(1, 38) = .180, p > .1",FALSE,FALSE,FALSE,FALSE,0.82
The role of intonation and visual cues in the perception of sentence types: Evidence from European Portuguese varieties (2017),F,1,18,=,0.097,>,0.1,0.7590382327636154,"F(1, 18) = .097, p > .1",FALSE,FALSE,FALSE,FALSE,0.82
The role of intonation and visual cues in the perception of sentence types: Evidence from European Portuguese varieties (2017),Z,NA,NA,=,-1.285,>,0.1,0.19879228403021124,"Z = -1.285, p > .1",FALSE,FALSE,FALSE,FALSE,0.82
The role of intonation and visual cues in the perception of sentence types: Evidence from European Portuguese varieties (2017),Z,NA,NA,=,-2.427,=,0.007,0.015224255854586111,"Z = -2.427, p = .007",TRUE,FALSE,TRUE,FALSE,0.82
The role of intonation and visual cues in the perception of sentence types: Evidence from European Portuguese varieties (2017),Z,NA,NA,=,-0.224,>,0.1,0.822757303233927,"Z = -.224, p > .1",FALSE,FALSE,FALSE,FALSE,0.82
The role of intonation and visual cues in the perception of sentence types: Evidence from European Portuguese varieties (2017),Z,NA,NA,=,-1.624,>,0.1,0.10437580854964389,"Z = -1.624, p > .1",FALSE,FALSE,FALSE,FALSE,0.82
The role of native phonology in spontaneous imitation: Evidence from Seoul Korean (2017),F,1,18,=,0.503,=,0.487,0.4872705446926635,"F(1, 18) = 0.503, p = 0.487",FALSE,FALSE,FALSE,FALSE,0.96
The role of native phonology in spontaneous imitation: Evidence from Seoul Korean (2017),t,NA,45.35,=,-3.248,=,0.0022,0.0021905801204020452,"t(45.35) = -3.248, p = 0.0022",FALSE,FALSE,FALSE,FALSE,0.96
The role of native phonology in spontaneous imitation: Evidence from Seoul Korean (2017),t,NA,45.27,=,0.495,=,0.6228,0.6229942062501357,"t(45.27) = 0.495, p = 0.6228",FALSE,FALSE,FALSE,FALSE,0.96
The role of native phonology in spontaneous imitation: Evidence from Seoul Korean (2017),t,NA,108.05,=,4.382,<,1e-4,2.734838624267016e-5,"t(108.05) = 4.382, p < 0.0001",FALSE,FALSE,FALSE,FALSE,0.96
The role of native phonology in spontaneous imitation: Evidence from Seoul Korean (2017),t,NA,117.69,=,2.204,=,0.0746,0.029470235206935362,"t(117.69) = 2.204, p = 0.0746",TRUE,TRUE,FALSE,FALSE,0.96
The role of native phonology in spontaneous imitation: Evidence from Seoul Korean (2017),t,NA,3068,=,-7.635,<,1e-4,2.996214880389476e-14,"t(3068.0) = -7.635, p < 0.0001",FALSE,FALSE,FALSE,FALSE,0.96
The role of native phonology in spontaneous imitation: Evidence from Seoul Korean (2017),t,NA,24.89,=,-2.97,=,0.0065,0.006507140382110347,"t(24.89) = -2.970, p = 0.0065",FALSE,FALSE,FALSE,FALSE,0.96
The role of native phonology in spontaneous imitation: Evidence from Seoul Korean (2017),t,NA,24.92,=,-2.783,=,0.0112,0.010121617799553737,"t(24.92) = -2.783, p = 0.0112",TRUE,FALSE,TRUE,FALSE,0.96
The role of native phonology in spontaneous imitation: Evidence from Seoul Korean (2017),t,NA,24.92,=,-4.615,=,1e-4,1.0178563564717089e-4,"t(24.92) = -4.615, p = 0.0001",FALSE,FALSE,FALSE,FALSE,0.96
The role of native phonology in spontaneous imitation: Evidence from Seoul Korean (2017),t,NA,24.95,=,-5.468,<,1e-4,1.123398722530496e-5,"t(24.95) = -5.468, p < 0.0001",FALSE,FALSE,FALSE,FALSE,0.96
The role of native phonology in spontaneous imitation: Evidence from Seoul Korean (2017),t,NA,28.14,=,-2.2,=,0.0362,0.03618235165662357,"t(28.14) = -2.200, p = 0.0362",FALSE,FALSE,FALSE,FALSE,0.96
The role of native phonology in spontaneous imitation: Evidence from Seoul Korean (2017),t,NA,28.05,=,-4.546,=,1e-4,9.551601292684536e-5,"t(28.05) = -4.546, p = 0.0001",FALSE,FALSE,FALSE,FALSE,0.96
The role of native phonology in spontaneous imitation: Evidence from Seoul Korean (2017),t,NA,21.3,=,-2.234,=,0.0368,0.036326302056664525,"t(21.3) = -2.234, p = 0.0368",TRUE,FALSE,FALSE,FALSE,0.96
The role of native phonology in spontaneous imitation: Evidence from Seoul Korean (2017),t,NA,20,=,-2.386,=,0.0271,0.027033170301181488,"t(20.0) = -2.386, p = 0.0271",FALSE,FALSE,FALSE,FALSE,0.96
The role of native phonology in spontaneous imitation: Evidence from Seoul Korean (2017),t,NA,23,=,0.949,=,0.3525,0.3524864052565656,"t(23.0) = 0.949, p = 0.3525",FALSE,FALSE,FALSE,FALSE,0.96
The role of native phonology in spontaneous imitation: Evidence from Seoul Korean (2017),t,NA,31.2,=,1.824,=,0.0777,0.07774367953803339,"t(31.2) = 1.824, p = 0.0777",FALSE,FALSE,FALSE,FALSE,0.96
The role of native phonology in spontaneous imitation: Evidence from Seoul Korean (2017),t,NA,59.78,=,-9.728,<,1e-4,6.240830040922259e-14,"t(59.78) = -9.728, p < 0.0001",FALSE,FALSE,FALSE,FALSE,0.96
The role of native phonology in spontaneous imitation: Evidence from Seoul Korean (2017),t,NA,171.44,=,-5.194,<,1e-4,5.785925081388701e-7,"t(171.44) = -5.194, p < 0.0001",FALSE,FALSE,FALSE,FALSE,0.96
The role of native phonology in spontaneous imitation: Evidence from Seoul Korean (2017),t,NA,2064,=,-3.434,=,6e-4,6.064904861048338e-4,"t(2064) = -3.434, p = 0.0006",FALSE,FALSE,FALSE,FALSE,0.96
The role of native phonology in spontaneous imitation: Evidence from Seoul Korean (2017),t,NA,21.25,=,8.391,<,1e-4,3.467611599340235e-8,"t(21.25) = 8.391, p < 0.0001",FALSE,FALSE,FALSE,FALSE,0.96
The role of native phonology in spontaneous imitation: Evidence from Seoul Korean (2017),t,NA,21.26,=,1.61,=,0.1222,0.12214687748394525,"t(21.26) = 1.610, p = 0.1222",FALSE,FALSE,FALSE,FALSE,0.96
The role of native phonology in spontaneous imitation: Evidence from Seoul Korean (2017),t,NA,21.24,=,-0.29,=,0.7746,0.7746285100123472,"t(21.24) = -0.290, p = 0.7746",FALSE,FALSE,FALSE,FALSE,0.96
The role of native phonology in spontaneous imitation: Evidence from Seoul Korean (2017),t,NA,21.25,=,0.088,=,0.9309,0.9307007169454888,"t(21.25) = 0.088, p = 0.9309",FALSE,FALSE,FALSE,FALSE,0.96
The role of vowel length and glottalization in German learners’ perception of the English coda stop voicing contrast (2017),Z,NA,NA,=,1.53,=,0.125,0.12601672892795687,"Z = 1.53, p = .125",FALSE,FALSE,FALSE,FALSE,0.67
The role of vowel length and glottalization in German learners’ perception of the English coda stop voicing contrast (2017),Z,NA,NA,=,1.18,=,0.24,0.23800021491040144,"Z = 1.18, p = .240",FALSE,FALSE,FALSE,FALSE,0.67
The singleton-geminate distinction can be rate dependent: Evidence from Maltese (2017),t,NA,1329,=,6.362,<,0.001,2.733959034523754e-10,"t(1329) = 6.362, p < 0.001",FALSE,FALSE,FALSE,FALSE,0.67
The singleton-geminate distinction can be rate dependent: Evidence from Maltese (2017),t,NA,1042,=,-6.109,<,0.001,1.4139052419432431e-9,"t(1042) = -6.109, p < 0.001",FALSE,FALSE,FALSE,FALSE,0.67
The singleton-geminate distinction can be rate dependent: Evidence from Maltese (2017),Chi2,1,NA,=,7.65,=,0.005,0.00567723213815931," X2(1) = 7.650, p = .005",TRUE,FALSE,TRUE,FALSE,0.67
The singleton-geminate distinction can be rate dependent: Evidence from Maltese (2017),Chi2,1,NA,=,20.12,<,0.001,7.2732127335214034e-06," X2(1) = 20.12, p < 0.001",FALSE,FALSE,FALSE,FALSE,0.67
The singleton-geminate distinction can be rate dependent: Evidence from Maltese (2017),Z,NA,NA,=,0.62,=,0.54,0.5352577869379661,"Z = 0.62, p = 0.54",FALSE,FALSE,FALSE,FALSE,0.67
The singleton-geminate distinction can be rate dependent: Evidence from Maltese (2017),Z,NA,NA,=,5.343,<,0.001,9.142076345557606e-8,"Z = 5.343, p < 0.001",FALSE,FALSE,FALSE,FALSE,0.67
The singleton-geminate distinction can be rate dependent: Evidence from Maltese (2017),Z,NA,NA,=,6.636,<,0.001,3.2230984046968725e-11,"Z = 6.636, p < 0.001",FALSE,FALSE,FALSE,FALSE,0.67
The singleton-geminate distinction can be rate dependent: Evidence from Maltese (2017),Z,NA,NA,=,6.566,<,0.001,5.1684815701949465e-11,"Z = 6.566, p < 0.001",FALSE,FALSE,FALSE,FALSE,0.67
The VOT Category Boundary in Word-Initial Stops: Counter-Evidence Against Rate Normalization in English Spontaneous Speech (2017),Chi2,1,NA,=,5.7,=,0.02,0.016964912953587145," χ2(1) = 5.7, p = .02",FALSE,FALSE,FALSE,FALSE,0.72
The VOT Category Boundary in Word-Initial Stops: Counter-Evidence Against Rate Normalization in English Spontaneous Speech (2017),Chi2,1,NA,=,100.7,<,0.001,1.0702557573376438e-23," χ2(1) = 100.7, p < .001",FALSE,FALSE,FALSE,FALSE,0.72
The VOT Category Boundary in Word-Initial Stops: Counter-Evidence Against Rate Normalization in English Spontaneous Speech (2017),Chi2,1,NA,=,4.2,=,0.04,0.04042397933690867," χ2(1) = 4.2, p = .04",FALSE,FALSE,FALSE,FALSE,0.72
The VOT Category Boundary in Word-Initial Stops: Counter-Evidence Against Rate Normalization in English Spontaneous Speech (2017),Chi2,1,NA,=,2.89,=,0.09,0.08913092551708578," χ2(1) = 2.89, p = .09",FALSE,FALSE,FALSE,FALSE,0.72
The VOT Category Boundary in Word-Initial Stops: Counter-Evidence Against Rate Normalization in English Spontaneous Speech (2017),Chi2,1,NA,=,3.8,=,0.05,0.051252582857369326," χ2(1) = 3.8, p = .05",FALSE,FALSE,FALSE,FALSE,0.72
The VOT Category Boundary in Word-Initial Stops: Counter-Evidence Against Rate Normalization in English Spontaneous Speech (2017),Chi2,1,NA,=,26,<,0.001,3.4141735772975276e-7,"χ2(1) = 26.0, p < .001",FALSE,FALSE,FALSE,FALSE,0.72
The VOT Category Boundary in Word-Initial Stops: Counter-Evidence Against Rate Normalization in English Spontaneous Speech (2017),Chi2,1,NA,=,0.1,=,0.75,0.7518296340458492," χ2(1) = 0.10, p = .75",FALSE,FALSE,FALSE,FALSE,0.72
The VOT Category Boundary in Word-Initial Stops: Counter-Evidence Against Rate Normalization in English Spontaneous Speech (2017),Chi2,1,NA,=,0.15,=,0.7,0.6985353583033388," χ2(1) = 0.15, p = .70",FALSE,FALSE,FALSE,FALSE,0.72
The VOT Category Boundary in Word-Initial Stops: Counter-Evidence Against Rate Normalization in English Spontaneous Speech (2017),Chi2,1,NA,=,59.7,<,0.001,1.1047654343903819e-14,"χ2(1) = 59.7, p < .001",FALSE,FALSE,FALSE,FALSE,0.72
The VOT Category Boundary in Word-Initial Stops: Counter-Evidence Against Rate Normalization in English Spontaneous Speech (2017),Chi2,1,NA,=,7.5,<,0.007,0.006169899320544155,"χ2(1) = 7.5, p < .007",FALSE,FALSE,FALSE,FALSE,0.72
The VOT Category Boundary in Word-Initial Stops: Counter-Evidence Against Rate Normalization in English Spontaneous Speech (2017),Chi2,1,NA,=,22.5,<,0.001,2.1014359560124394e-6," χ2(1) = 22.5, p < 0.001",FALSE,FALSE,FALSE,FALSE,0.72
The VOT Category Boundary in Word-Initial Stops: Counter-Evidence Against Rate Normalization in English Spontaneous Speech (2017),Chi2,1,NA,=,4.6,=,0.03,0.031971956177648746," χ2(1) = 4.6, p = 0.03",FALSE,FALSE,FALSE,FALSE,0.72
The VOT Category Boundary in Word-Initial Stops: Counter-Evidence Against Rate Normalization in English Spontaneous Speech (2017),Chi2,1,NA,=,1.8,=,0.18,0.17971249487899982," χ2(1) = 1.8, p = .18",FALSE,FALSE,FALSE,FALSE,0.72
The VOT Category Boundary in Word-Initial Stops: Counter-Evidence Against Rate Normalization in English Spontaneous Speech (2017),Chi2,1,NA,=,16.4,<,0.001,5.12852296406065e-5,"χ2(1) = 16.4, p < .001",FALSE,FALSE,FALSE,FALSE,0.72
The VOT Category Boundary in Word-Initial Stops: Counter-Evidence Against Rate Normalization in English Spontaneous Speech (2017),Chi2,1,NA,=,4.1,=,0.04,0.042883213527400106," χ2(1) = 4.1, p = .04",FALSE,FALSE,FALSE,FALSE,0.72
The VOT Category Boundary in Word-Initial Stops: Counter-Evidence Against Rate Normalization in English Spontaneous Speech (2017),Chi2,1,NA,=,0.47,=,0.49,0.4929871685453436," χ2(1) = 0.47, p = .49",FALSE,FALSE,FALSE,FALSE,0.72
The VOT Category Boundary in Word-Initial Stops: Counter-Evidence Against Rate Normalization in English Spontaneous Speech (2017),Chi2,1,NA,=,1.6,=,0.21,0.20590321073206835," χ2(1) = 1.6, p = .21",FALSE,FALSE,FALSE,FALSE,0.72
The VOT Category Boundary in Word-Initial Stops: Counter-Evidence Against Rate Normalization in English Spontaneous Speech (2017),Chi2,1,NA,=,0.8,=,0.38,0.3710933695226976," χ2(1) = 0.8, p = 0.38",FALSE,FALSE,FALSE,FALSE,0.72
The VOT Category Boundary in Word-Initial Stops: Counter-Evidence Against Rate Normalization in English Spontaneous Speech (2017),Chi2,1,NA,=,2.6,=,0.11,0.10686371499337895," χ2(1) = 2.6, p = .11",FALSE,FALSE,FALSE,FALSE,0.72
The VOT Category Boundary in Word-Initial Stops: Counter-Evidence Against Rate Normalization in English Spontaneous Speech (2017),Chi2,1,NA,=,8.3,=,0.004,0.003964507848294024," χ2(1) = 8.3, p = .004",FALSE,FALSE,FALSE,FALSE,0.72
The VOT Category Boundary in Word-Initial Stops: Counter-Evidence Against Rate Normalization in English Spontaneous Speech (2017),Chi2,1,NA,=,1.41,=,0.24,0.23505639323933877," χ2(1) = 1.41, p = .24",FALSE,FALSE,FALSE,FALSE,0.72
The VOT Category Boundary in Word-Initial Stops: Counter-Evidence Against Rate Normalization in English Spontaneous Speech (2017),Chi2,1,NA,=,0.83,=,0.36,0.3622725290045518," χ2(1) = .83, p = .36",FALSE,FALSE,FALSE,FALSE,0.72
The VOT Category Boundary in Word-Initial Stops: Counter-Evidence Against Rate Normalization in English Spontaneous Speech (2017),Chi2,1,NA,=,0.01,=,0.93,0.920344325445942," χ2(1) = .01, p = .93",FALSE,FALSE,FALSE,FALSE,0.72
The VOT Category Boundary in Word-Initial Stops: Counter-Evidence Against Rate Normalization in English Spontaneous Speech (2017),Chi2,1,NA,=,8.28,=,0.004,0.00400841290008976,"χ2(1) = 8.28, p = .004",FALSE,FALSE,FALSE,FALSE,0.72
The VOT Category Boundary in Word-Initial Stops: Counter-Evidence Against Rate Normalization in English Spontaneous Speech (2017),Chi2,1,NA,=,27.6,<,0.001,1.491787664186685e-7," χ2(1) = 27.6, p < .001",FALSE,FALSE,FALSE,FALSE,0.72
The VOT Category Boundary in Word-Initial Stops: Counter-Evidence Against Rate Normalization in English Spontaneous Speech (2017),Chi2,1,NA,=,1.67,=,0.2,0.19625853446238706,"χ2(1) = 1.67, p = .20",FALSE,FALSE,FALSE,FALSE,0.72
West African languages enrich the frequency code: Multi-functional pitch and multi-dimensional prosody in Ikaan polar questions (2017),F,1,224,=,28.1,<,1.7e-4,2.75560490138563e-7,"F (1, 224) = 28.1, p < 0.00017",FALSE,FALSE,FALSE,FALSE,0.44
West African languages enrich the frequency code: Multi-functional pitch and multi-dimensional prosody in Ikaan polar questions (2017),F,1,94,=,24.2,<,1.7e-4,3.6856023551413834e-6,"F (1, 94) = 24.2, p < 0.00017",FALSE,FALSE,FALSE,FALSE,0.44
West African languages enrich the frequency code: Multi-functional pitch and multi-dimensional prosody in Ikaan polar questions (2017),F,1,226,=,48,<,1.7e-4,4.390860654781676e-11,"F (1, 226) = 48.0, p < 0.00017",FALSE,FALSE,FALSE,FALSE,0.44
West African languages enrich the frequency code: Multi-functional pitch and multi-dimensional prosody in Ikaan polar questions (2017),F,1,226,=,7.7,=,0.0059,0.005984225498305537,"F (1, 226) = 7.7, p = 0.0059",FALSE,FALSE,FALSE,FALSE,0.44
What happens to large changes? Saltation produces well-liked outputs that are hard to generate (2017),Chi2,2,NA,=,0.45,=,0.8,0.7985162187593771," χ2(2) = 0.45, p = 0.80",FALSE,FALSE,FALSE,FALSE,0.62
What happens to large changes? Saltation produces well-liked outputs that are hard to generate (2017),Chi2,2,NA,=,0.098,=,0.95,0.9521811296985048," χ2(2) = 0.098, p = 0.95",FALSE,FALSE,FALSE,FALSE,0.62
What happens to large changes? Saltation produces well-liked outputs that are hard to generate (2017),Chi2,2,NA,=,29.47,<,0.001,3.9872256010456233e-7," χ2(2) = 29.47, p < 0.001",FALSE,FALSE,FALSE,FALSE,0.62
What happens to large changes? Saltation produces well-liked outputs that are hard to generate (2017),Chi2,1,NA,=,13.13,<,0.001,2.906047732301873e-4," χ2(1) = 13.13, p < 0.001",FALSE,FALSE,FALSE,FALSE,0.62
What happens to large changes? Saltation produces well-liked outputs that are hard to generate (2017),Chi2,1,NA,=,7.13,=,0.008,0.007580472752769282," χ2(1) = 7.13, p = 0.008",FALSE,FALSE,FALSE,FALSE,0.62
What happens to large changes? Saltation produces well-liked outputs that are hard to generate (2017),Z,NA,NA,=,-0.67,=,0.5,0.5028577901906203,"Z = -0.67, p = 0.50",FALSE,FALSE,FALSE,FALSE,0.62
What happens to large changes? Saltation produces well-liked outputs that are hard to generate (2017),Z,NA,NA,=,-0.69,=,0.49,0.49019418734861886,"Z = -0.69, p = 0.49",FALSE,FALSE,FALSE,FALSE,0.62
What happens to large changes? Saltation produces well-liked outputs that are hard to generate (2017),Z,NA,NA,=,-0.7,=,0.94,0.48392730444614596,"Z = -0.70, p = 0.94",TRUE,FALSE,FALSE,FALSE,0.62
What happens to large changes? Saltation produces well-liked outputs that are hard to generate (2017),Z,NA,NA,=,-0.91,=,0.36,0.3628225097835945,"Z = -0.91, p = 0.36",FALSE,FALSE,FALSE,FALSE,0.62
What happens to large changes? Saltation produces well-liked outputs that are hard to generate (2017),Z,NA,NA,=,-1.59,=,0.11,0.11183480503893888,"Z = -1.59, p = 0.11",FALSE,FALSE,FALSE,FALSE,0.62
What happens to large changes? Saltation produces well-liked outputs that are hard to generate (2017),Z,NA,NA,=,-1.86,=,0.06,0.0628855259615054,"Z = -1.86, p = 0.06",FALSE,FALSE,FALSE,FALSE,0.62
What happens to large changes? Saltation produces well-liked outputs that are hard to generate (2017),Chi2,1,NA,=,3.4,=,0.06,0.06519641907812983," χ2(1) = 3.40, p = 0.06",FALSE,FALSE,FALSE,FALSE,0.62
What happens to large changes? Saltation produces well-liked outputs that are hard to generate (2017),Chi2,1,NA,=,21.94,<,0.001,2.813088980783789e-6," χ2(1) = 21.94, p < 0.001",FALSE,FALSE,FALSE,FALSE,0.62
What happens to large changes? Saltation produces well-liked outputs that are hard to generate (2017),Chi2,1,NA,=,11.86,<,0.001,5.735254427948843e-4," χ2(1) = 11.86, p < 0.001",FALSE,FALSE,FALSE,FALSE,0.62
What happens to large changes? Saltation produces well-liked outputs that are hard to generate (2017),Chi2,1,NA,=,4.53,=,0.03,0.033305617725634944," χ2(1) = 4.53, p = 0.03",FALSE,FALSE,FALSE,FALSE,0.62
